,ligand,receptor,
0,CDH1,KLRG1,
1,ICAM1,ITGAL,
2,ICAM3,CLEC4M,
3,F2,F2R,
4,F2,F2RL2,
5,F2,F2RL3,
6,F2,ITGB3,
7,F2,ITGAV,
8,F2,THBD,
9,IAPP,CALCRL,
10,AGRP,MC2R,
11,AGRP,MC3R,
12,AGRP,MC4R,
13,AGRP,MC5R,
14,AGRP,SDC3,
15,IAPP,CALCR,
16,APP,CD74,
17,ANGPT1,TEK,
18,ANGPT2,TEK,
20,AGT,AGTR1,
21,AGT,AGTR2,
22,ANXA1,FPR1,
23,ANXA1,FPR2,
24,APELA,APLNR,
25,APLN,APLNR,
26,CCL1,CCR8,
27,CCL11,ACKR2,
28,CCL11,CCR3,
29,CCL13,ACKR2,
30,CCL13,CCR2,
31,CCL13,CCR3,
32,CCL14,ACKR2,
33,CCL14,CCR1,
34,CCL14,CCR3,
35,CCL15,CCR1,
36,CCL15,CCR3,
37,CCL16,CCR1,
38,CCL16,CCR2,
39,CCL16,CCR8,
40,CCL16,HRH4,
41,CCL17,CCR4,
42,CCL18,CCR8,
43,CCL19,ACKR4,
44,CCL19,CCR7,
45,CCL2,ACKR1,
46,CCL2,ACKR2,
47,CCL2,CCR2,
48,CCL20,CCR6,
49,CCL21,ACKR4,
50,CCL21,CCR7,
51,CCL22,CCR4,
52,CCL23,CCR1,
53,CCL24,CCR3,
54,CCL25,ACKR4,
55,CCL25,CCR9,
56,CCL26,CCR1,
57,CCL26,CCR2,
58,CCL26,CCR3,
59,CCL27,CCR10,
60,CCL28,CCR10,
61,CCL3,ACKR2,
62,CCL3,CCR1,
63,CCL3,CCR3,
64,CCL3,CCR5,
65,CCL3L1,CCR1,
66,CCL3L1,CCR3,
67,CCL4,ACKR2,
68,CCL4,CCR5,
69,CCL5,ACKR1,
70,CCL5,ACKR2,
71,CCL5,CCR1,
72,CCL5,CCR3,
73,CCL5,CCR4,
74,CCL5,CCR5,
75,CCL3L1,ACKR2,
76,CCL7,ACKR2,
77,CCL7,CCR1,
78,CCL7,CCR2,
79,CCL7,CCR3,
80,CCL7,CCR5,
81,CCL8,ACKR2,
82,CCL8,CCR1,
83,CCL8,CCR2,
84,CCL8,CCR3,
85,CCL8,CCR5,
86,PPBP,CXCR1,
87,PPBP,CXCR2,
88,CX3CL1,CX3CR1,
89,CXCL1,ACKR1,
90,CXCL1,CXCR1,
91,CXCL1,CXCR2,
92,CXCL10,CXCR3,
93,CXCL11,ACKR3,
94,CXCL11,CXCR3,
95,CXCL12,CXCR4,
96,CXCL12,DPP4,
97,CXCL13,ACKR4,
98,CXCL13,CXCR5,
99,CXCL16,CXCR6,
100,CXCL2,CXCR2,
101,CXCL3,CXCR2,
102,CXCL5,CXCR1,
103,CXCL5,CXCR2,
104,CXCL6,CXCR1,
105,CXCL6,CXCR2,
106,CXCL8,ACKR1,
107,CXCL8,CXCR1,
108,CXCL8,CXCR2,
109,CXCL9,CXCR3,
110,CCK,CCKAR,
111,CCK,CCKBR,
112,C5,C5AR1,
113,C5,C5AR2,
114,C5AR1,RPS19,
115,CRH,MC2R,
116,CRH,CRHR1,
117,CRH,CRHR2,
118,CSF1,CSF1R,
119,CSF3,CSF3R,
120,TYR,GPR143,
121,EDN1,EDNRA,
122,EDN1,EDNRB,
123,EDN2,EDNRA,
124,EDN2,EDNRB,
125,EDN3,EDNRA,
126,EDN3,EDNRB,
127,CCL27,CCR2,
128,EFNA1,EPHA1,
129,EFNA1,EPHA2,
130,EFNA1,EPHA3,
131,EFNA1,EPHA4,
132,EFNA1,EPHA5,
133,EFNA1,EPHA7,
134,EFNA1,EPHA8,
135,EFNA2,EPHA1,
136,EFNA2,EPHA2,
137,EFNA2,EPHA3,
138,EFNA2,EPHA4,
139,EFNA2,EPHA5,
140,EFNA2,EPHA7,
141,EFNA2,EPHA8,
142,EFNA3,EPHA1,
143,EFNA3,EPHA2,
144,EFNA3,EPHA3,
145,EFNA3,EPHA4,
146,EFNA3,EPHA5,
147,EFNA3,EPHA7,
148,EFNA3,EPHA8,
149,EFNA4,EPHA1,
150,EFNA4,EPHA2,
151,EFNA4,EPHA3,
152,EFNA4,EPHA4,
153,EFNA4,EPHA5,
154,EFNA4,EPHA7,
155,EFNA4,EPHA8,
156,EFNA5,EPHA1,
157,EFNA5,EPHA2,
158,EFNA5,EPHA3,
159,EFNA5,EPHA4,
160,EFNA5,EPHA5,
161,EFNA5,EPHA7,
162,EFNA5,EPHA8,
163,EFNA5,EPHB2,
164,EFNB1,EPHA2,
165,EFNB1,EPHA4,
166,EFNB1,EPHB1,
167,EFNB1,EPHB2,
168,EFNB1,EPHB3,
169,EFNB1,EPHB4,
170,EFNB1,EPHB6,
171,EFNB2,EPHA4,
172,EFNB2,EPHB1,
173,EFNB2,EPHB2,
174,EFNB2,EPHB3,
175,EFNB2,EPHB4,
176,EFNB2,EPHB6,
177,EFNB3,EPHA4,
178,EFNB3,EPHB1,
179,EFNB3,EPHB2,
180,EFNB3,EPHB3,
181,EFNB3,EPHB4,
182,EFNB3,EPHB6,
183,AREG,ERBB2,
184,AREG,EGFR,
185,BTC,EGFR,
186,EGF,EGFR,
187,EPGN,EGFR,
188,EREG,ERBB2,
189,EREG,EGFR,
190,EREG,ERBB4,
191,HBEGF,EGFR,
192,HBEGF,ERBB2,
193,HBEGF,ERBB4,
194,FGF1,ITGB3,
195,FGF1,ITGAV,
196,FGF1,EGFR,
197,FGF1,FGFRL1,
198,FGF1,NRP1,
199,FGF1,FGFR1,
200,FGF1,FGFR2,
201,FGF1,FGFR3,
202,FGF1,FGFR4,
203,FGF10,FGFR2,
204,FGF7,FGFR2,
205,FGF8,FGFR3,
206,FGF9,FGFR3,
207,FGL1,LAG3,
208,FGF22,FGFR2,
209,GAL,GPR151,
210,GAL,GALR1,
211,GAL,GALR2,
212,GAL,GALR3,
213,GALP,GPR151,
214,GALP,GALR1,
215,GALP,GALR2,
216,GALP,GALR3,
217,LGALS9,P4HB,
218,LGALS9,CD45,
219,LGALS9,PTPRC,
220,LGALS9,CD44,
221,LGALS9,HAVCR2,
222,GAST,CCKBR,
223,GIP,GIPR,
224,GRP,GRPR,
225,GRP,NMBR,
226,GAS6,AXL,
227,GAS6,MERTK,
228,GAS6,TYRO3,
229,BTC,ERBB3,
230,BTC,ERBB4,
231,GHRH,GHRHR,
232,GHRL,GPR39,
233,GHRL,GHRHR,
234,GHRL,GHSR,
235,COL6A2,ITGA1,
236,COL6A2,ITGA2,
237,COL6A2,ITGA3,
238,COL6A2,ITGA9,
239,COL6A2,ITGA10,
240,COL6A2,ITGA11,
241,COL6A2,ITGAV,
242,COL6A2,CD44,
243,COL6A2,GP6,
244,COL6A2,ITGB1,
245,COL6A2,ITGB8,
246,COL6A2,SDC1,
247,COL6A3,ITGA1,
248,COL6A3,ITGA2,
249,COL6A3,ITGA3,
250,COL6A3,ITGA9,
251,COL6A3,ITGA10,
252,COL6A3,ITGA11,
253,COL6A3,ITGAV,
254,COL6A3,CD44,
255,COL6A3,GP6,
256,COL6A3,ITGB1,
257,COL6A3,ITGB8,
258,COL6A3,SDC1,
259,HDC,HRH1,
260,HDC,HRH2,
261,HDC,HRH3,
262,HDC,HRH4,
263,HLA-A,KIR3DL1,
264,HLA-B,KIR3DL2,
265,HLA-C,KIR2DL1,
266,HLA-C,KIR2DL3,
267,HLA-E,KLRC1,
268,HLA-E,KLRD1,
269,HLA-E,KLRC2,
270,ESAM,ESAM,
271,HLA-E,KLRK1,
272,HLA-F,KIR3DL1,
273,HLA-F,KIR3DL2,
274,HLA-F,KIR3DS1,
275,HLA-F,LILRB1,
276,HLA-F,LILRB2,
277,HLA-G,LILRB1,
278,HLA-G,LILRB2,
279,INS,INSR,
280,INSL3,RXFP2,
281,INSL5,RXFP4,
282,IGF2,IGF1R,
283,IGF2,IGF2R,
284,IGFL1,IGFLR1,
285,IGFL2,IGFLR1,
286,IGFL3,IGFLR1,
287,IL13,IL13RA2,
288,IL34,CSF1R,
289,INSL3,RXFP3,
290,CLEC2A,KLRF2,
291,CLEC2B,KLRB1,
292,LRRC4B,PTPRD,
293,LRRC4B,PTPRS,
294,LRRC4B,PTPRF,
295,INSL3,RXFP4,
296,LRFN4,PTPRD,
297,LRFN4,PTPRF,
298,LRFN4,PTPRS,
299,LRRTM2,NRXN1,
300,LRRTM2,NRXN2,
301,LRRTM2,NRXN3,
302,LRRTM3,NRXN1,
303,LRRTM3,NRXN2,
304,LRRTM3,NRXN3,
305,LRRTM4,NRXN1,
306,LRRTM4,NRXN2,
307,LRRTM4,NRXN3,
308,LRRTM4,PTPRS,
309,HLA-E,CD8A,
310,LTB,LTBR,
311,XCL1,XCR1,
312,XCL2,XCR1,
313,NECTIN2,TIGIT,
314,NECTIN3,PVR,
315,NECTIN3,TIGIT,
316,NLGN4X,NRXN2,
317,NLGN4Y,NRXN2,
318,NRG1,ITGB4,
319,NRG1,ITGA6,
320,NRG1,ITGB3,
321,NRG1,ERBB2,
322,NRG1,ITGAV,
323,NRG1,ERBB3,
324,NRG1,ERBB4,
325,NRG2,ERBB3,
326,NRG2,ERBB4,
327,NRG3,ERBB4,
328,NRG4,ERBB4,
329,NLGN1,NRXN1,
330,NLGN1,NRXN2,
331,NLGN1,NRXN3,
332,NLGN2,NRXN1,
333,NLGN2,NRXN2,
334,NLGN2,NRXN3,
335,NLGN3,NRXN1,
336,NLGN3,NRXN2,
337,NLGN3,NRXN3,
338,NMB,GRPR,
339,NMB,NMBR,
340,NMS,NMUR1,
341,NMS,NMUR2,
342,NMU,NMUR1,
343,NMU,NMUR2,
344,NPB,NPBWR1,
345,NPB,NPBWR2,
346,NPFF,NPFFR1,
347,NPFF,NPFFR2,
348,NPPA,NPR1,
349,NPS,NPSR1,
350,NPW,NPBWR1,
351,NPW,NPBWR2,
352,NTS,NTSR1,
353,NTS,NTSR2,
354,INHBE,ACVR1B,
355,NTF3,NGFR,
356,NTF3,NTRK1,
357,NTF3,NTRK2,
358,NTF3,NTRK3,
359,NTF4,NGFR,
360,NTF4,NTRK2,
361,CNTN1,NOTCH1,
362,CNTN1,NOTCH2,
363,DLK1,NOTCH1,
364,DLK1,NOTCH2,
365,DLK1,NOTCH3,
366,DLK1,NOTCH4,
367,DLL1,NOTCH1,
368,DLL1,NOTCH2,
369,DLL1,NOTCH3,
370,DLL1,NOTCH4,
371,DLL3,NOTCH1,
372,DLL3,NOTCH2,
373,DLL3,NOTCH3,
374,DLL3,NOTCH4,
375,DLL4,NOTCH1,
376,DLL4,NOTCH2,
377,DLL4,NOTCH3,
378,DLL4,NOTCH4,
379,JAG1,NOTCH1,
380,JAG1,NOTCH2,
381,JAG1,NOTCH3,
382,JAG1,NOTCH4,
383,JAG2,VASN,
384,JAG2,NOTCH1,
385,JAG2,NOTCH2,
386,JAG2,NOTCH3,
387,JAG2,NOTCH4,
388,PDYN,OPRD1,
389,PDYN,OPRK1,
390,PDYN,OPRM1,
391,PDYN,OPRL1,
392,PENK,OPRL1,
393,PENK,GHSR,
394,PENK,OPRD1,
395,PENK,OPRK1,
396,PENK,OPRM1,
397,PNOC,OPRL1,
398,HCRT,HCRTR1,
399,HCRT,HCRTR2,
400,OXT,AVPR1A,
401,OXT,AVPR1B,
402,OXT,OXTR,
403,PTH,PTH1R,
404,PTH,PTH2R,
405,PTH2,PTH1R,
406,PTH2,PTH2R,
407,PTHLH,PTH1R,
408,PTHLH,PTH2R,
409,ADCYAP1,ADCYAP1R1,
410,ADCYAP1,VIPR1,
411,ADCYAP1,VIPR2,
412,PGF,FLT1,
413,PGF,NRP1,
414,PGF,NRP2,
415,PGF,KDR,
416,PLAU,PLAUR,
417,PDGFA,PDGFRA,
418,PDGFB,PDGFRA,
419,PDGFB,PDGFRB,
420,PDGFC,PDGFRA,
421,PDGFD,PDGFRB,
422,PODXL2,SELE,
423,PODXL2,SELP,
424,PODXL2,SELL,
425,POMC,MC1R,
426,POMC,OPRL1,
427,PVR,CD226,
428,GCG,GIPR,
429,GCG,GCGR,
430,GCG,GLP1R,
431,GCG,GLP2R,
432,PMCH,MCHR1,
433,PMCH,MCHR2,
434,GNRH1,GNRHR2,
435,GNRH1,GNRHR,
436,RLN1,RXFP4,
437,GNRH2,GNRHR,
438,GNRH2,GNRHR2,
439,PROK1,PROKR1,
440,PROK1,PROKR2,
441,PROK2,PROKR1,
442,PROK2,PROKR2,
443,PRL,PRLR,
444,PRLH,PRLHR,
445,POMC,MC2R,
446,POMC,MC3R,
447,POMC,MC4R,
448,POMC,MC5R,
449,POMC,OPRD1,
450,POMC,OPRK1,
451,POMC,OPRM1,
452,RLN1,RXFP1,
453,RLN1,RXFP2,
454,RLN1,RXFP3,
455,RLN2,RXFP1,
456,RLN2,RXFP2,
457,RLN2,RXFP3,
458,RLN3,RXFP1,
459,RLN3,RXFP2,
460,RLN3,RXFP3,
461,RLN3,RXFP4,
462,PSAP,GPR37,
463,PSAP,GPR37L1,
464,PPY,NPY1R,
465,PPY,NPY2R,
466,PPY,NPY4R,
467,PPY,NPY5R,
468,RSPO1,LGR4,
469,RSPO1,LGR5,
470,RSPO1,LGR6,
471,RSPO2,LGR4,
472,RSPO2,LGR5,
473,RSPO2,LGR6,
474,RSPO3,LGR4,
475,RSPO3,LGR5,
476,RSPO3,LGR6,
477,RSPO4,LGR4,
478,RSPO4,LGR5,
479,RSPO4,LGR6,
480,RELN,LRP8,
481,RELN,VLDLR,
482,RARRES2,CCRL2,
483,RARRES2,CMKLR1,
484,RARRES2,GPR1,
485,SCT,SCTR,
486,SCT,VIPR1,
487,SCT,VIPR2,
488,SELE,GLG1,
489,SELPLG,SELE,
490,SELPLG,SELL,
491,SELPLG,SELP,
492,SEMA3A,NRP1,
493,SEMA3C,NRP2,
494,SEMA3E,PLXND1,
495,SEMA3F,NRP2,
496,SEMA4A,PLXND1,
497,SEMA4C,PLXNB2,
498,SEMA4D,CD72,
499,SEMA4D,PLXNB1,
500,SEMA4D,PLXNB2,
501,SEMA4G,PLXNB2,
502,SEMA5A,PLXNB3,
503,SEMA7A,PLXNC1,
504,SLIT1,ROBO1,
505,SLIT2,ROBO1,
506,SLIT2,ROBO2,
507,CORT,SSTR1,
508,CORT,SSTR2,
509,CORT,SSTR3,
510,CORT,SSTR4,
511,CORT,SSTR5,
512,GH1,GHR,
513,GH2,GHR,
514,SST,SSTR1,
515,SST,SSTR2,
516,SST,SSTR3,
517,SST,SSTR4,
518,SST,SSTR5,
519,TAC1,TACR1,
520,TAC1,TACR2,
521,TAC1,TACR3,
522,TAC3,TACR1,
523,TAFA5,FPR2,
524,TAFA5,S1PR2,
525,TF,TFR2,
526,TGFA,EGFR,
527,TGFB1,TGFBR3,
528,TGFB2,TGFBR3,
529,TGFB3,TGFBR3,
530,BTLA,TNFRSF14,
531,FASLG,FAS,
532,LTA,TNFRSF14,
533,LTA,TNFRSF1A,
534,LTA,TNFRSF1B,
535,TNF,TNFRSF1A,
536,TNF,TNFRSF1B,
537,TNFSF10,TNFRSF10A,
538,TNFSF10,TNFRSF10B,
539,TNFSF10,TNFRSF10C,
540,TNFSF10,TNFRSF10D,
541,TNFSF11,TNFRSF11A,
542,TNFSF11,TNFRSF11B,
543,TNFSF12,TNFRSF12A,
544,TNFSF12,TNFRSF25,
545,TNFSF13,TNFRSF13B,
546,TNFSF13,TNFRSF17,
547,TNFSF13B,TNFRSF13B,
548,TNFSF13B,TNFRSF13C,
549,TNFSF13B,TNFRSF17,
550,TNFSF14,LTBR,
551,TNFSF14,TNFRSF14,
552,TNFSF14,TNFRSF6B,
553,TNFSF15,TNFRSF25,
554,TNFSF15,TNFRSF6B,
555,TNFSF18,TNFRSF18,
556,TNFSF4,TNFRSF4,
557,TNFSF8,TNFRSF8,
558,TNFSF9,TNFRSF9,
559,UCN,CRHR1,
560,UCN,CRHR2,
561,UCN2,CRHR1,
562,UCN2,CRHR2,
563,UCN3,CRHR2,
564,UTS2,UTS2R,
565,UTS2B,UTS2R,
566,VEGFA,FLT1,
567,VEGFA,KDR,
568,VEGFA,NRP1,
569,VEGFA,NRP2,
570,VEGFB,FLT1,
571,VEGFB,NRP1,
572,VEGFB,KDR,
573,VEGFC,FLT4,
574,VEGFC,KDR,
575,VEGFD,FLT4,
576,VEGFD,KDR,
577,VIP,ADCYAP1R1,
578,VIP,VIPR1,
579,VIP,VIPR2,
580,AVP,AVPR1A,
581,AVP,AVPR1B,
582,AVP,AVPR2,
583,DKK1,LRP5,
584,DKK1,LRP6,
585,DKK2,LRP6,
586,WNT5A,ROR1,
587,WNT5A,ROR2,
588,INHBC,ACVR2A,
589,INHBC,ACVR2B,
590,INHBE,ACVR2A,
591,INHBE,ACVR2B,
592,ALCAM,CD6,
593,BAG6,NCR3,
594,BST2,LILRA4,
595,CD1D,LILRB2,
596,CD200,CD200R1,
597,CBLN1,GRID2,
599,CEACAM6,CEACAM1,
600,CD274,PDCD1,
601,CD34,SELP,
602,OCLN,OCLN,
603,CD58,CD2,
604,CD70,CD27,
605,CD80,CD28,
606,CD80,CTLA4,
607,CD86,CD28,
608,CD86,CTLA4,
609,CD99,PILRA,
610,EPO,EPOR,
611,FLT3LG,FLT3,
612,FSHB,FSHR,
613,HGF,MET,
614,ICOSLG,ICOS,
615,KISS1,KISS1R,
616,KITLG,KIT,
617,LCN2,SLC22A17,
618,LEP,LEPR,
619,LHB,LHCGR,
620,LRPAP1,SORT1,
621,MLN,MLNR,
622,MST1,MST1R,
623,PDCD1LG2,PDCD1,
624,PF4,CXCR3,
625,PROC,PROCR,
626,PTPRD,IL1RAP,
627,PTPRD,IL1RAPL1,
628,QRFP,QRFPR,
629,RBP4,STRA6,
630,REN,ATP6AP2,
631,SAA1,FPR2,
632,HLA-E,CD8B,
633,HLA-E,CD8B2,
634,THPO,MPL,
635,TRH,TRHR,
636,TSHB,TSHR,
637,CD47,SIRPG,
638,INSL5,RXFP2,
639,INSL5,RXFP1,
640,PECAM1,PECAM1,
641,SEMA4D,PLXNB3,
642,COL10A1,ITGB1,
643,FGA,ITGA2B,
644,FGA,ITGB3,
645,FGA,ITGAM,
646,FGA,ITGAX,
647,FGB,ITGA2B,
648,FGB,ITGB3,
649,FGB,ITGAM,
650,FGG,ITGA2B,
651,FGG,ITGB3,
652,FGG,ITGAM,
653,COL4A6,ITGA1,
654,COL4A6,ITGA2,
655,COL4A6,ITGB1,
656,COL4A6,ITGA3,
657,COL4A6,ITGA9,
658,COL4A6,ITGA10,
659,COL4A6,ITGA11,
660,COL4A6,ITGAV,
661,COL4A6,CD44,
662,COL4A6,GP6,
663,COL4A6,ITGB8,
664,ITGB2,ICAM1,
665,ICAM1,ITGAM,
666,ICAM2,ITGAL,
667,ICAM2,ITGB2,
668,ICAM3,ITGAD,
669,ICAM3,ITGB2,
670,ICAM3,ITGAL,
671,ICAM4,ITGAL,
672,ICAM4,ITGB2,
673,APOA1,ABCA1,
674,APOA1,AMN,
675,APOA1,CUBN,
676,APOA2,TYROBP,
677,APOA1,TYROBP,
678,APOA1,TREM2,
679,APOA2,TREM2,
680,LAMC1,ITGA2,
681,LAMC1,ITGA6,
682,LAMC1,ITGA7,
683,LAMC1,ITGAV,
684,LAMC1,ITGB1,
685,SPP1,ITGA4,
686,SPP1,ITGA9,
687,SPP1,ITGAV,
688,SPP1,ITGB1,
689,SPP1,ITGB3,
690,F10,ITGAM,
691,F11R,ITGAL,
692,F11R,ITGB2,
693,COL4A4,ITGA1,
694,COL4A4,ITGA3,
695,COL4A4,ITGA9,
696,COL4A4,ITGA10,
697,COL4A4,ITGA11,
698,COL4A4,ITGAV,
699,COL4A4,ITGB8,
700,COL4A4,CD44,
701,COL4A4,ITGB1,
702,COL4A4,ITGA2,
703,COL4A4,GP6,
704,AGRN,LRP4,
705,AGRN,MUSK,
706,IAPP,RAMP3,
707,CKLF,CCR4,
708,CGA,LHCGR,
709,CGA,FSHR,
710,CGA,TSHR,
711,CGB3,LHCGR,
712,DHRS9,PGR,
713,DHH,PTCH1,
714,DHH,PTCH2,
715,DHH,HHIP,
716,DHH,GAS1,
717,DHH,BOC,
718,DHH,CDON,
719,FGF23,FGFR1,
720,FGF23,FGFR3,
721,FGF23,FGFR4,
722,FGF23,KL,
723,GDF1,ACVR1B,
724,GDF10,ACVR1B,
725,GDF11,TGFBR1,
726,GDF11,ACVR1B,
727,GDF11,ACVR2A,
728,GDF11,ACVR2B,
729,GDF2,BMPR2,
730,GDF2,ACVR2A,
731,GDF2,ACVRL1,
732,GDF3,ACVR1C,
733,GDF3,ACVR2B,
734,GDF3,ACVR2A,
735,GDF3,ACVR1B,
736,GDF5,BMPR1A,
737,GDF5,BMPR2,
738,GDF5,ACVR2A,
739,GDF5,ACVR2B,
740,GDF5,BMPR1B,
741,GDF6,BMPR2,
742,GDF6,ACVR2A,
743,GDF6,ACVR2B,
744,GDF6,BMPR1A,
745,GDF6,BMPR1B,
746,GDF7,ACVR2A,
747,GDF7,ACVR2B,
748,GDF7,BMPR1A,
749,GDF7,BMPR1B,
750,GDF7,BMPR2,
751,MSTN,TGFBR1,
752,MSTN,ACVR1B,
753,MSTN,ACVR2A,
754,MSTN,ACVR2B,
755,GDF1,ACVR2B,
756,INHBA,ACVR1,
757,INHBA,ACVR1B,
758,INHBA,ACVR1C,
759,INHBB,ACVR1,
760,INHBB,ACVR1B,
761,INHBB,ACVR1C,
762,INHBA,ACVR2A,
763,INHBA,ACVR2B,
764,INHBB,ACVR2A,
765,INHBB,ACVR2B,
766,IGF1,GPC3,
767,IGF1,IGF1R,
768,IGF1,ITGA6,
769,IGF1,ITGAV,
770,IGF1,ITGB4,
771,IGF1,ITGB3,
772,IFNA1,IFNAR1,
773,IFNA10,IFNAR1,
774,IFNA14,IFNAR1,
775,IFNA16,IFNAR1,
776,IFNA17,IFNAR1,
777,IFNA2,IFNAR1,
778,IFNA21,IFNAR1,
779,IFNA4,IFNAR1,
780,IFNA5,IFNAR1,
781,IFNA6,IFNAR1,
782,IFNA7,IFNAR1,
783,IFNA8,IFNAR1,
784,IFNB1,IFNAR1,
785,IFNE,IFNAR1,
786,IFNG,IFNGR1,
787,IFNK,IFNAR1,
788,IFNL1,IFNLR1,
789,IFNL2,IFNLR1,
790,IFNL3,IFNLR1,
791,IFNW1,IFNAR1,
792,IFNA1,IFNAR2,
793,IFNA10,IFNAR2,
794,IFNA14,IFNAR2,
795,IFNA16,IFNAR2,
796,IFNA17,IFNAR2,
797,IFNA2,IFNAR2,
798,IFNA21,IFNAR2,
799,IFNA4,IFNAR2,
800,IFNA5,IFNAR2,
801,IFNA6,IFNAR2,
802,IFNA7,IFNAR2,
803,IFNA8,IFNAR2,
804,IFNB1,IFNAR2,
805,IFNE,IFNAR2,
806,IFNG,IFNGR2,
807,IFNK,IFNAR2,
808,IFNL1,IL10RB,
809,IFNL2,IL10RB,
810,IFNL3,IL10RB,
811,IFNW1,IFNAR2,
812,AMH,ACVR1,
813,AMH,AMHR2,
814,AMH,BMPR1A,
815,AMH,BMPR1B,
816,NRTN,GFRA2,
817,NRTN,RET,
818,NODAL,ACVR1B,
819,NODAL,ACVR1C,
820,NODAL,ACVR2A,
821,NODAL,ACVR2B,
822,NODAL,CFC1,
823,NODAL,TDGF1,
824,INHBE,ACVR1C,
825,OSM,IL6ST,
826,OSM,LIFR,
827,OSM,OSMR,
828,PDGFD,PDGFRA,
829,RSPO1,FZD8,
830,RSPO1,LRP6,
831,SEMA3A,PLXNA1,
832,SEMA3A,PLXNA2,
833,SEMA3A,PLXNA3,
834,SEMA3A,PLXNA4,
835,SEMA6D,KDR,
836,SEMA6D,PLXNA1,
837,SEMA7A,ITGA1,
838,SEMA6A,PLXNA2,
839,SEMA6D,TREM2,
840,SEMA7A,ITGB1,
841,SEMA6D,TYROBP,
842,SPX,GALR2,
843,SPX,GALR3,
844,SPX,GPR151,
845,SHH,HHIP,
846,SHH,BOC,
847,SHH,CDON,
848,SHH,GAS1,
849,SHH,PTCH1,
850,SHH,PTCH2,
851,TGFB1,ACVR1,
852,TGFB1,ITGAV,
853,TGFB1,TGFBR1,
854,TGFB2,ACVR1,
855,TGFB2,TGFBR1,
856,TGFB3,ACVR1,
857,TGFB3,TGFBR1,
858,TGFB1,TGFBR2,
859,TGFB1,ITGB6,
860,TGFB2,TGFBR2,
861,TGFB3,TGFBR2,
862,TGFB3,ITGB6,
863,INHB,ACVR1C,
864,WNT1,FZD1,
865,WNT1,FZD10,
866,WNT1,FZD2,
867,WNT1,FZD3,
868,WNT1,FZD4,
869,WNT1,FZD5,
870,WNT1,FZD6,
871,WNT1,FZD7,
872,WNT1,FZD8,
873,WNT1,FZD9,
874,WNT10A,FZD1,
875,WNT10A,FZD5,
876,WNT10A,FZD7,
877,WNT10A,FZD8,
878,WNT11,FZD1,
879,WNT11,FZD10,
880,WNT11,FZD2,
881,WNT11,FZD3,
882,WNT11,FZD4,
883,WNT11,FZD5,
884,WNT11,FZD6,
885,WNT11,FZD7,
886,WNT11,FZD8,
887,WNT11,FZD9,
888,WNT16,FZD1,
889,WNT16,FZD10,
890,WNT16,FZD2,
891,WNT16,FZD3,
892,WNT16,FZD4,
893,WNT16,FZD5,
894,WNT16,FZD6,
895,WNT16,FZD7,
896,WNT16,FZD8,
897,WNT16,FZD9,
898,WNT2,FZD1,
899,WNT2,FZD10,
900,WNT2,FZD2,
901,WNT2,FZD3,
902,WNT2,FZD4,
903,WNT2,FZD5,
904,WNT2,FZD6,
905,WNT2,FZD7,
906,WNT2,FZD8,
907,WNT2,FZD9,
908,WNT2B,FZD1,
909,WNT2B,FZD10,
910,WNT2B,FZD2,
911,WNT2B,FZD3,
912,WNT2B,FZD4,
913,WNT2B,FZD5,
914,WNT2B,FZD6,
915,WNT2B,FZD7,
916,WNT2B,FZD8,
917,WNT2B,FZD9,
918,WNT3,FZD1,
919,WNT3,FZD10,
920,WNT3,FZD2,
921,WNT3,FZD3,
922,WNT3,FZD4,
923,WNT3,FZD5,
924,WNT3,FZD6,
925,WNT3,FZD7,
926,WNT3,FZD8,
927,WNT3,FZD9,
928,WNT3A,FZD1,
929,WNT3A,FZD10,
930,WNT3A,FZD2,
931,WNT3A,FZD3,
932,WNT3A,FZD4,
933,WNT3A,FZD5,
934,WNT3A,FZD6,
935,WNT3A,FZD7,
936,WNT3A,FZD8,
937,WNT3A,FZD9,
938,WNT4,FZD1,
939,WNT4,FZD10,
940,WNT4,FZD2,
941,WNT4,FZD3,
942,WNT4,FZD4,
943,WNT4,FZD5,
944,WNT4,FZD6,
945,WNT4,FZD7,
946,WNT4,FZD8,
947,WNT4,FZD9,
948,WNT5A,FZD10,
949,WNT5A,FZD2,
950,WNT5A,FZD3,
951,WNT5A,FZD4,
952,WNT5A,FZD5,
953,WNT5A,FZD6,
954,WNT5A,FZD7,
955,WNT5A,FZD8,
956,WNT5A,FZD9,
957,WNT5B,FZD1,
958,WNT5B,FZD10,
959,WNT5B,FZD2,
960,WNT5B,FZD3,
961,WNT5B,FZD4,
962,WNT5B,FZD5,
963,WNT5B,FZD6,
964,WNT5B,FZD7,
965,WNT5B,FZD8,
966,WNT5B,FZD9,
967,WNT6,FZD1,
968,WNT6,FZD10,
969,WNT6,FZD2,
970,WNT6,FZD3,
971,WNT6,FZD4,
972,WNT6,FZD5,
973,WNT6,FZD6,
974,WNT6,FZD7,
975,WNT6,FZD8,
976,WNT6,FZD9,
977,WNT7A,FZD1,
978,WNT7A,FZD10,
979,WNT7A,FZD2,
980,WNT7A,FZD3,
981,WNT7A,FZD4,
982,WNT7A,FZD5,
983,WNT7A,FZD6,
984,WNT7A,FZD7,
985,WNT7A,FZD8,
986,WNT7A,FZD9,
987,WNT7B,FZD1,
988,WNT7B,FZD10,
989,WNT7B,FZD2,
990,WNT7B,FZD3,
991,WNT7B,FZD4,
992,WNT7B,FZD5,
993,WNT7B,FZD6,
994,WNT7B,FZD7,
995,WNT7B,FZD8,
996,WNT7B,FZD9,
997,WNT8A,FZD1,
998,WNT8A,FZD10,
999,WNT8A,FZD2,
1000,WNT8A,FZD3,
1001,WNT8A,FZD4,
1002,WNT8A,FZD5,
1003,WNT8A,FZD6,
1004,WNT8A,FZD7,
1005,WNT8A,FZD8,
1006,WNT8A,FZD9,
1007,WNT8B,FZD1,
1008,WNT8B,FZD10,
1009,WNT8B,FZD2,
1010,WNT8B,FZD3,
1011,WNT8B,FZD4,
1012,WNT8B,FZD5,
1013,WNT8B,FZD6,
1014,WNT8B,FZD7,
1015,WNT8B,FZD8,
1016,WNT8B,FZD9,
1017,WNT9A,FZD1,
1018,WNT9A,FZD10,
1019,WNT9A,FZD2,
1020,WNT9A,FZD3,
1021,WNT9A,FZD4,
1022,WNT9A,FZD5,
1023,WNT9A,FZD6,
1024,WNT9A,FZD7,
1025,WNT9A,FZD8,
1026,WNT9A,FZD9,
1027,WNT9B,FZD1,
1028,WNT9B,FZD10,
1029,WNT9B,FZD2,
1030,WNT9B,FZD3,
1031,WNT9B,FZD4,
1032,WNT9B,FZD5,
1033,WNT9B,FZD6,
1034,WNT9B,FZD7,
1035,WNT9B,FZD8,
1036,WNT9B,FZD9,
1037,DKK1,KREMEN1,
1038,DKK1,KREMEN2,
1039,DKK2,KREMEN2,
1040,INHA,ACVR1,
1041,INHA,ACVR1B,
1042,INHA,ACVR1C,
1043,ARTN,GFRA1,
1044,ARTN,GFRA3,
1045,PSPN,GFRA4,
1046,ARTN,RET,
1047,PSPN,RET,
1048,ADIPOQ,ADIPOR1,
1049,ADIPOQ,ADIPOR2,
1050,CD40LG,CD40,
1051,CD40LG,ITGA2B,
1052,CD40LG,ITGA5,
1053,CD40LG,ITGB3,
1054,CD40LG,ITGB1,
1055,CD40LG,ITGB2,
1056,CD40LG,ITGAM,
1057,CLCF1,CNTFR,
1058,CNTF,CNTFR,
1059,CSPG4,ITGA3,
1060,CSPG4,ITGB1,
1061,CLCF1,LIFR,
1062,CNTF,LIFR,
1063,FBN1,ITGA5,
1064,GDNF,GFRA1,
1065,GP1BA,ITGAM,
1066,FBN1,ITGB1,
1067,GDNF,RET,
1068,GP1BA,ITGB2,
1069,GPHA2,TSHR,
1070,LIF,IL6ST,
1071,NDP,FZD4,
1072,LIF,LIFR,
1073,MICA,KLRK1,
1074,MICB,KLRK1,
1075,TSLP,CRLF2,
1076,TSLP,IL7R,
1077,VCAM1,ITGA4,
1078,VCAM1,ITGA9,
1079,VCAM1,ITGAD,
1080,VCAM1,ITGB1,
1081,VCAM1,ITGB7,
1082,VCAM1,ITGB2,
1083,VTN,ITGA2B,
1084,VTN,ITGAV,
1085,VTN,ITGB3,
1086,VTN,ITGB1,
1087,VTN,ITGA8,
1088,VTN,ITGB8,
1089,VTN,ITGB5,
1090,ADM,CALCRL,
1091,ADM,CALCR,
1092,ADM,RAMP3,
1093,ADM,GPER1,
1094,ADM2,CALCRL,
1095,ADM2,CALCR,
1096,ADM2,RAMP1,
1097,ADM2,RAMP2,
1098,ADM2,RAMP3,
1099,ADM2,GPER1,
1100,BMP2,BMPR2,
1101,BMP2,ACVR2A,
1102,BMP2,ACVR2B,
1103,BMP2,BMPR1A,
1104,BMP2,BMPR1B,
1105,BMP4,BMPR2,
1107,BMP4,ACVR2A,
1108,BMP4,ACVR2B,
1109,BMP4,BMPR1A,
1110,BMP4,BMPR1B,
1111,BMP5,BMPR2,
1113,BMP5,ACVR1,
1114,BMP5,ACVR2A,
1115,BMP5,ACVR2B,
1116,BMP5,BMPR1A,
1117,BMP5,BMPR1B,
1118,BMP6,ACVR1,
1119,BMP6,ACVR2A,
1120,BMP6,ACVR2B,
1121,BMP6,BMPR1A,
1122,BMP6,BMPR1B,
1123,BMP6,BMPR2,
1124,BMP7,BMPR2,
1125,BMP7,ACVR1,
1126,BMP7,ACVR2A,
1127,BMP7,ACVR2B,
1128,BMP7,BMPR1A,
1129,BMP7,BMPR1B,
1130,BMP8A,ACVR1,
1131,BMP8A,ACVR2A,
1132,BMP8A,ACVR2B,
1133,BMP8A,BMPR1A,
1134,BMP8A,BMPR1B,
1135,BMP8A,BMPR2,
1136,CALCA,CALCR,
1137,CALCA,RAMP2,
1138,CALCA,CALCRL,
1139,CALCA,RAMP1,
1140,CALCB,CALCR,
1141,CALCB,RAMP2,
1142,CALCB,CALCRL,
1143,CALCB,RAMP1,
1144,AGT,MAS1,
1145,ALB,FCGRT,
1146,ALB,B2M,
1147,AMELX,LAMP1,
1148,AMELY,LAMP1,
1149,INHB,ACVR2B,
1150,ANGPT1,ITGA5,
1152,EBI3,IL27RA,
1153,IL10,IL10RA,
1154,IL11,IL11RA,
1155,IL12A,IL12RB1,
1156,IL12B,IL12RB1,
1157,IL13,IL13RA1,
1158,IL15,IL15RA,
1159,IL17A,IL17RA,
1160,IL12A,IL12RB2,
1161,IL27,IL27RA,
1162,IL23A,IL12RB1,
1163,IL17F,IL17RA,
1164,EBI3,IL6ST,
1165,IL10,IL10RB,
1166,IL11,IL6ST,
1167,IL12B,IL23R,
1168,IL13,IL4R,
1169,IL15,IL2RB,
1170,IL17A,IL17RC,
1171,IL27,IL6ST,
1172,IL12B,IL12RB2,
1173,IL23A,IL23R,
1174,IL17F,IL17RC,
1175,IL17C,IL17RA,
1176,IL18,IL18R1,
1177,IL19,IL20RA,
1178,IL1A,IL1R1,
1179,IL1A,IL1R2,
1180,IL1B,IL1R1,
1181,IL1B,IL1R2,
1182,IL1F10,IL1RAP,
1183,IL1RN,IL1R1,
1184,IL1RN,IL1R2,
1185,IL2,IL2RA,
1186,IL2,IL2RB,
1187,IL20,IL20RA,
1188,IL20,IL20RB,
1189,IL21,IL21R,
1190,IL22,IL10RB,
1191,IL24,IL20RA,
1192,IL24,IL20RB,
1193,IL25,IL17RA,
1194,IL26,IL10RB,
1195,IL3,CSF2RB,
1196,IL33,IL1RAP,
1197,IL36A,IL1RAP,
1198,IL36B,IL1RAP,
1199,IL36G,IL1RAP,
1200,IL36RN,IL1RAP,
1201,IL37,IL18R1,
1202,IL4,IL13RA1,
1203,IL4,IL2RG,
1204,IL5,CSF2RB,
1205,IL6,IL6R,
1206,IL7,IL2RG,
1207,IL9,IL2RG,
1208,RAET1F,KLRK1,
1209,ULBP1,HCST,
1210,IL17C,IL17RE,
1211,IL18,IL18RAP,
1212,IL19,IL20RB,
1213,IL1A,IL1RAP,
1214,IL1B,IL1RAP,
1215,IL1F10,IL1RL2,
1216,IL2,IL2RG,
1217,IL20,IL22RA1,
1218,IL21,IL2RG,
1219,IL22,IL22RA1,
1220,IL24,IL22RA1,
1221,IL25,IL17RB,
1222,IL26,IL20RA,
1223,IL3,IL3RA,
1224,IL33,IL1RL1,
1225,IL36A,IL1RL2,
1226,IL36B,IL1RL2,
1227,IL36G,IL1RL2,
1228,IL36RN,IL1RL2,
1229,IL4,IL4R,
1230,IL5,IL5RA,
1231,IL6,IL6ST,
1232,IL7,IL7R,
1233,IL9,IL9R,
1234,RAET1E,HCST,
1235,RAET1E,KLRK1,
1236,RAET1G,HCST,
1237,RAET1G,KLRK1,
1238,RAET1L,HCST,
1239,RAET1L,KLRK1,
1240,ULBP1,KLRK1,
1241,ULBP2,HCST,
1242,ULBP2,KLRK1,
1243,ULBP3,HCST,
1244,ULBP3,KLRK1,
1245,TPH1,HTR1A,
1246,TPH1,HTR1B,
1247,TPH1,HTR1D,
1248,TPH1,HTR1E,
1249,TPH1,HTR1F,
1250,TPH1,HTR2A,
1251,TPH1,HTR2B,
1252,TPH1,HTR2C,
1253,TPH1,HTR4,
1254,TPH1,HTR5A,
1255,TPH1,HTR6,
1256,TPH1,HTR7,
1257,WNT1,LRP5,
1258,WNT1,LRP6,
1259,WNT1,RYK,
1260,WNT10A,LRP5,
1261,WNT10A,LRP6,
1262,WNT16,LRP5,
1263,WNT16,LRP6,
1264,WNT2,LRP5,
1265,WNT2,LRP6,
1266,WNT2B,LRP5,
1267,WNT2B,LRP6,
1268,WNT3,LRP5,
1269,WNT3,LRP6,
1270,WNT3,RYK,
1271,WNT3A,LRP5,
1272,WNT3A,LRP6,
1273,WNT3A,RYK,
1274,WNT4,LRP5,
1275,WNT4,LRP6,
1276,WNT5A,LRP5,
1277,WNT5A,RYK,
1278,WNT6,LRP5,
1279,WNT6,LRP6,
1280,WNT7A,LRP5,
1281,WNT7A,LRP6,
1282,WNT7B,LRP5,
1283,WNT7B,LRP6,
1284,WNT8A,LRP5,
1285,WNT8A,LRP6,
1286,WNT8B,LRP5,
1287,WNT8B,LRP6,
1288,WNT9A,LRP5,
1289,WNT9A,LRP6,
1290,WNT9B,LRP5,
1291,WNT9B,LRP6,
1292,INHA,ACVR2A,
1293,INHA,ACVR2B,
1294,A2M,LRP1,
1295,AANAT,MTNR1A,
1296,AANAT,MTNR1B,
1297,ACE,AGTR2,
1298,ACE,BDKRB2,
1324,AGRN,PTPRS,
1325,AGRN,ATP1A3,
1326,COL2A1,ITGA1,
1327,COL2A1,ITGA2,
1328,COL2A1,ITGA3,
1329,COL2A1,ITGA9,
1330,COL2A1,ITGA10,
1331,COL2A1,ITGA11,
1332,COL2A1,ITGAV,
1333,COL2A1,ITGB8,
1334,COL2A1,CD44,
1335,COL2A1,GP6,
1336,COL2A1,ITGB1,
1337,ANGPTL3,ITGAV,
1338,ANGPTL3,ITGB3,
1339,COL2A1,DDR1,
1340,APOD,LEPR,
1342,APOE,TREM2,
1347,APOE,SORL1,
1348,APOE,VLDLR,
1349,APP,TNFRSF21,
1350,APP,FPR2,
1351,APP,PLXNA4,
1353,APP,NCSTN,
1354,APP,SORL1,
1355,AREGB,EGFR,
1356,ARF1,CHRM3,
1357,ARF1,INSR,
1358,ARF1,PLD2,
1359,ASIP,MC1R,
1360,ASIP,ATRN,
1361,ASIP,F11R,
1362,ASIP,MC2R,
1363,ASIP,MC3R,
1364,ASIP,MC4R,
1365,ASIP,MC5R,
1366,ASIP,MGRN1,
1367,AZGP1,ITGAV,
1368,B2M,IL6ST,
1369,CD1B,IL6ST,
1370,BGN,TLR2,
1371,BGN,TLR4,
1372,BMP10,ACVR2A,
1373,BMP10,ACVRL1,
1374,BMP10,BMPR2,
1375,BMP15,BMPR1B,
1376,BMP15,BMPR2,
1377,BMP15,ACVR1B,
1378,HLA-F,CD8A,
1379,BMP3,ACVR2B,
1381,BST1,CAV1,
1382,BTC,ERBB2,
1383,MMRN2,CD93,
1384,C1QA,CR1,
1385,C1QA,CSPG4,
1386,C1QB,LRP1,
1387,C1QTNF1,AVPR2,
1388,C1QTNF5,MFRP,
1389,C4A,C5AR2,
1390,C4A,CR2,
1391,C4A,C3AR1,
1392,C4BPA,BMPR2,
1393,C4BPA,CD40,
1394,C4BPA,LRP1,
1395,C4B,CD46,
1396,C4B,CR1,
1397,C5orf55,TRAF2,
1398,CALR,ITGA2B,
1399,CALR,ITGA3,
1400,CALR,ITGAV,
1401,CALR,LRP1,
1402,CALR,MTNR1A,
1403,CALR,SCARF1,
1404,CALR,TSHR,
1405,CCL27,CCR3,
1406,CCL11,CCR2,
1407,CCL11,CCR5,
1408,CCL13,ACKR4,
1409,CCL13,CCR1,
1410,CCL13,CCR5,
1411,CCL14,CCR5,
1412,CCL16,CCR5,
1413,CCL17,CCR8,
1414,CCL18,C14orf1,
1415,ANGPTL1,ITGA1,
1416,ANGPTL1,ITGB1,
1417,CCL21,ACKR2,
1418,CCL21,CXCR3,
1419,CCL24,CCR2,
1420,CCL25,ACKR2,
1421,CCL25,CCR10,
1422,CCL27,ACKR2,
1423,CCL5,DARC,
1424,HLA-F,CD8B,
1425,PTPRM,PTPRM,
1426,CCL28,CCR3,
1427,CCL2,ACKR4,
1428,CCL2,CCR10,
1429,CCL2,CCR3,
1431,CCL2,CCR5,
1432,CCL3L1,CCR5,
1433,CCL3L3,ACKR2,
1434,CCL3L3,CCR5,
1435,CCL3,CCR4,
1436,CCL4,CCR1,
1437,CCL4,CCR3,
1438,CCL4,CCR8,
1439,CCL7,CCR10,
1440,CCL7,CXCR3,
1441,CCL7,DARC,
1442,CCL8,ACKR4,
1443,CCL8,DARC,
1444,CD55,CD97,
1445,CD55,CR1,
1446,CDH1,ITGAE,
1447,CDH1,ITGB7,
1448,HLA-F,CD8B2,
1449,CEL,CXCR4,
1450,CFH,ITGAM,
1451,CGB,LHCGR,
1452,CGN,F11R,
1453,CHAD,ITGA2,
1454,CHAD,ITGB1,
1455,CLCF1,CRLF1,
1456,CNTN2,CNTNAP2,
1457,CNTN2,NRCAM,
1458,CNTN4,PTPRG,
1459,COL11A1,DDR1,
1460,COL18A1,GPC1,
1461,COL18A1,GPC4,
1462,COL1A1,ITGAV,
1463,COL1A1,CD44,
1464,COL1A1,ITGA1,
1465,COL1A1,DDR1,
1466,COL1A1,ITGA3,
1467,COL1A1,ITGA11,
1468,COL1A1,ITGA2,
1469,COL1A1,ITGA9,
1470,COL1A1,ITGB1,
1471,COL1A1,ITGA10,
1472,COL1A2,CD44,
1473,COL1A2,ITGA1,
1474,COL1A2,ITGA2,
1475,COL1A2,ITGA3,
1476,COL1A2,ITGB1,
1477,COL1A2,ITGB3,
1478,COL3A1,DDR1,
1479,COL3A1,DDR2,
1480,HLA-E,CD8A,
1481,HLA-E,CD8B,
1482,HLA-E,CD8B2,
1483,SELL,MADCAM1,
1484,EGF,ERBB2,
1485,EGF,ERBB3,
1486,EGF,ERBB4,
1487,COL4A5,ITGA1,
1488,COL4A5,ITGA2,
1489,COL4A5,ITGA3,
1490,COL4A5,ITGA9,
1491,COL4A5,ITGA10,
1492,COL4A5,ITGA11,
1493,COL4A5,ITGAV,
1494,COL4A5,CD44,
1495,COL4A5,GP6,
1496,COL4A5,ITGB1,
1497,COL4A5,ITGB8,
1498,COL8A1,ITGA1,
1499,COL8A1,ITGA2,
1500,CSPG4,ITGA3,
1501,CSPG4,ITGB1,
1502,CPAMD8,SCTR,
1503,DLK2,NOTCH1,
1504,EDA,EDA2R,
1505,EDA,EDAR,
1506,EDIL3,ITGAV,
1507,CXCL3,CXCR1,
1508,CXCL5,DARC,
1509,LRFN5,PTPRD,
1510,LRFN5,PTPRF,
1511,LRFN5,PTPRS,
1512,COLQ,MUSK,
1513,CSH1,PRLR,
1514,CSH2,PRLR,
1515,CSHL1,PRLR,
1516,CTF1,IL6ST,
1517,CTF1,LIFR,
1518,CTGF,ERBB4,
1519,CTGF,ITGA5,
1520,CTGF,ITGAM,
1521,CTGF,ITGB2,
1522,CTGF,NTRK1,
1523,CTHRC1,FZD5,
1524,CTHRC1,FZD6,
1525,CUBN,LRP2,
1526,CXCL10,CCR3,
1527,CXCL12,ACKR3,
1530,CXCL13,CCR10,
1531,CXCL13,CXCR3,
1532,CXCL2,CXCR1,
1533,DCN,EGFR,
1534,DCN,ERBB4,
1535,DCN,MET,
1536,DEFB103A,CCR6,
1537,DEFB103B,CCR2,
1538,DEFB103B,CCR6,
1539,DEFB1,CCR6,
1540,DEFB4A,CCR6,
1541,DEFB4A,TLR4,
1542,DEFB4B,CCR6,
1543,EFEMP1,EGFR,
1544,EFEMP2,AQP1,
1545,EFEMP2,CATSPER1,
1546,EFEMP2,LINGO1,
1547,EFEMP2,PLSCR4,
1548,SLURP2,CHRNB1,
1549,SLURP2,CHRNB2,
1550,SLURP2,CHRNB3,
1551,SLURP2,CHRNB4,
1552,SLURP2,CHRNA1,
1553,SLURP2,CHRNA2,
1554,SLURP2,CHRNA3,
1555,SLURP2,CHRNA4,
1556,SLURP2,CHRNA5,
1557,SLURP2,CHRNA6,
1558,SLURP2,CHRNA7,
1559,SLURP2,CHRNA9,
1560,SLURP2,CHRNA10,
1561,SLURP2,CHRND,
1562,SLURP2,CHRNE,
1563,SLURP2,CHRNG,
1564,COL1A1,ITGB8,
1565,COL1A2,ITGA9,
1566,COL1A2,ITGA10,
1567,COL1A2,ITGA11,
1568,COL1A2,ITGAV,
1569,COL1A2,ITGB8,
1570,COL1A2,GP6,
1571,F10,F3,F10-ITGAM+ITGB2
1573,F13A1,ITGA4,
1574,F13A1,ITGA9,
1575,F13A1,ITGB1,
1576,F2,F2RL1,
1582,FAT4,DCHS1,
1583,FBLN1,ITGB1,
1584,FBLN2,ITGB3,
1585,FBN1,ITGAV,
1586,FBN1,ITGB3,
1587,FCN2,LRP1,
1588,FGA,CDH5,
1589,FGA,ITGA5,
1590,FGA,ITGAV,
1591,FGA,ITGB1,
1592,FGB,ITGA5,
1593,FGB,ITGAV,
1594,FGB,ITGB1,
1595,MAG,MAG,
1596,FGF16,FGFR2,
1597,FGF16,FGFR3,
1598,FGF16,FGFR4,
1599,FGF17,FGFR3,
1600,FGF17,FGFR1,
1601,FGF17,FGFR2,
1602,FGF17,FGFR4,
1603,FGF18,FGFR1,
1604,FGF18,FGFR2,
1605,FGF18,FGFR3,
1606,FGF18,FGFR4,
1607,FGF19,FGFR4,
1608,FGF19,KLB,
1609,FGF19,FGFR1,
1610,FGF19,FGFR2,
1611,FGF19,FGFR3,
1612,COL4A1,ITGA1,
1613,COL4A1,ITGA2,
1614,COL4A1,ITGA3,
1615,COL4A1,ITGA9,
1616,COL4A1,ITGA10,
1617,COL4A1,ITGA11,
1618,COL4A1,ITGAV,
1619,COL4A1,ITGB1,
1620,COL4A1,ITGB8,
1621,COL4A1,CD44,
1622,COL4A1,GP6,
1623,COL4A1,SDC1,
1624,FGF3,FGFR2,
1625,FGF3,FGFR1,
1626,FGF4,FGFR1,
1627,FGF4,FGFR2,
1628,FGF4,FGFR3,
1629,FGF4,FGFR4,
1630,FGF5,FGFR1,
1631,FGF5,FGFR2,
1632,FGF5,FGFR3,
1633,FGF5,FGFR4,
1634,FGF6,FGFR1,
1635,FGF6,FGFR2,
1636,FGF6,FGFR3,
1637,FGF6,FGFR4,
1638,FGF7,FGFR1,
1639,FGF7,FGFR3,
1640,FGF7,FGFR4,
1641,FGF8,FGFR1,
1642,FGF8,FGFR2,
1643,FGF8,FGFR4,
1644,FGF9,FGFR1,
1645,FGF9,FGFR2,
1646,FGF9,FGFR4,
1647,FGG,ITGA5,
1648,FGG,ITGAV,
1649,FGG,ITGB1,
1650,FIGF,FLT4,
1651,FIGF,ITGA9,
1652,FIGF,KDR,
1653,FIGF,NRP2,
1654,FN1,SDC4,
1655,FN1,SDC1,
1656,FN1,CD44,
1657,FN1,ITGB1,
1658,FN1,ITGA2B,
1659,FN1,ITGA3,
1660,FN1,ITGA4,
1661,FN1,ITGA5,
1662,FN1,ITGA8,
1663,FN1,ITGAV,
1664,FN1,ITGB3,
1665,FN1,ITGB6,
1666,FN1,ITGB8,
1667,FN1,ITGB7,
1668,GDF9,ACVR1B,
1669,GDF9,BMPR2,
1670,GDF9,TGFBR1,
1671,GDNF,GFRA2,
1672,COL4A2,ITGA1,
1673,COL4A2,ITGA2,
1674,COL4A2,ITGA3,
1675,COL4A2,ITGA9,
1676,COL4A2,ITGA10,
1677,COL4A2,ITGA11,
1678,COL4A2,ITGAV,
1679,COL4A2,ITGB8,
1680,COL4A2,ITGB1,
1681,COL4A2,CD44,
1682,COL4A2,GP6,
1683,COL4A2,SDC1,
1684,COL4A2,SDC4,
1685,GHRH,VIPR1,
1686,GIP,DPP4,
1687,GNB3,TGFBR1,
1688,GPC3,CD81,
1689,GPC3,IGF1R,
1690,GPI,AMFR,
1691,GSTP1,TRAF2,
1692,GUCA2A,GUCY2C,
1693,GUCA2B,GUCY2C,
1694,GUCA2B,GUCY2D,
1695,GZMB,CHRM3,
1696,GZMB,IGF2R,
1698,HLA-G,CD8B2,
1699,HLA-B,CD8B,
1700,HGF,SDC1,
1701,HGF,SDC2,
1702,HGF,ST14,
1703,HLA-A,CD8A,
1704,HLA-A,CD8B,
1705,HLA-A,KIR3DL2,
1706,HLA-A,LILRB1,
1707,HLA-A,LILRB2,
1708,HLA-B,CD8A,
1709,HLA-B,KIR3DL1,
1710,HLA-B,KLRD1,
1711,HLA-B,LILRB1,
1712,HLA-B,LILRB2,
1713,HLA-C,KIR2DS4,
1714,HLA-C,CD8A,
1715,HLA-C,LILRB1,
1716,HLA-C,LILRB2,
1717,HLA-G,KIR2DL4,
1718,HLA-G,CD8A,
1719,HLA-G,CD8B,
1720,HMGB1,SDC1,
1721,HMGB1,THBD,
1722,HP,ITGAM,
1723,HP,ITGB2,
1724,HRAS,AGTR1,
1725,HRAS,CAV1,
1726,HRAS,GRIN2D,
1727,HRAS,INSR,
1728,HRAS,TLR2,
1729,HRAS,TLR9,
1730,HRG,FCGR1A,
1731,HSP90AA1,CFTR,
1732,HSP90AA1,EGFR,
1733,HSP90AA1,FGFR3,
1734,HSPG2,COL13A1,
1735,HSPG2,ITGA2,
1736,HSPG2,ITGB1,
1737,ICAM2,ITGAM,
1738,ICAM4,ITGA2B,
1739,ICAM4,ITGA4,
1740,ICAM4,ITGAM,
1741,ICAM4,ITGAV,
1742,ICAM4,ITGB1,
1743,ICAM4,ITGB3,
1744,ICAM4,RHAG,
1745,ICAM5,ITGAL,
1746,ICAM5,ITGB2,
1747,IFNA13,IFNAR1,
1748,IFNA13,IFNAR2,
1749,IGFBP4,FZD8,
1750,IGFBP4,LRP6,
1751,HLA-A,CD8B2,
1752,IL12A,CD28,
1753,IL13,IL2RG,
1754,IL15,IL2RA,
1755,IL15,IL2RG,
1756,IL16,CD4,
1757,IL16,GRIN2C,
1758,IL16,GRIN2D,
1759,IL16,KCND1,
1760,IL16,KCND2,
1761,IL16,KCNJ10,
1762,IL16,KCNJ15,
1763,IL16,KCNJ4,
1764,IL17B,IL17RB,
1765,IL18,IL1RAPL1,
1766,IL18,IL1RL2,
1767,IL1B,ADRB2,
1768,IL1F10,IL1R1,
1769,IL22,IL10RA,
1770,IL22,IL22RA2,
1771,IL2,CD53,
1772,IL2,NGFR,
1773,IL31,IL31RA,
1774,IL31,OSMR,
1775,IL4,CD53,
1776,IL4,IL13RA2,
1777,IL8,CXCR1,
1778,IL8,CXCR2,
1779,IL8,DARC,
1780,INHA,TGFBR3,
1781,INHBA,BAMBI,
1782,INHBA,TGFBR3,
1783,INHBC,ACVR1B,
1784,INSL5,RXFP3,
1785,HLA-C,CD8B,
1786,HLA-C,CD8B2,
1787,ITGB3BP,ITGB3,
1788,ITGB3BP,ITGB5,
1789,KAL1,FGFR1,
1790,PRSS2,F2R,
1791,PRSS2,F2RL2,
1792,PRSS2,F2RL3,
1793,PRSS2,PARD3,
1794,KRTAP4-12,AQP1,
1795,KRTAP4-12,CATSPER1,
1796,KRTAP4-12,CLDN2,
1797,KRTAP4-12,CNTFR,
1798,KRTAP4-12,LINGO1,
1799,KRTAP4-12,PDGFRB,
1800,KRTAP4-12,PLSCR4,
1801,LTa1b2,LTBR,
1802,LACRT,SDC1,
1803,JAM2,F11R,
1804,PRSS1,F2RL1,
1805,NLGN4X,NRXN1,
1806,NLGN4Y,NRXN1,
1807,NRXN1,GRID2,
1808,NRXN1,NLGN2,
1809,LAMA5,BCAM,
1810,THBS1,SDC1,
1811,THBS1,SDC4,
1812,THBS1,CD47,
1813,THBS1,CD36,
1814,THBS1,ITGA2B,
1815,THBS1,ITGA3,
1816,THBS1,ITGAV,
1817,THBS1,ITGB3,
1818,THBS1,ITGB1,
1819,TNC,ITGA4,
1820,TNC,ITGA8,
1821,TNC,ITGA9,
1822,TNC,ITGAV,
1823,TNC,ITGB1,
1824,TNC,ITGB3,
1825,TNC,ITGB6,
1826,TNC,ITGA2B,
1827,TNC,SDC1,
1828,LCN1,LMBR1L,
1829,LCN2,LRP2,
1830,LEFTY2,TDGF1,
1831,LGALS3,MERTK,
1832,LGALS3BP,VANGL1,
1833,LGALS3BP,ITGB1,
1834,LIN7C,ABCA1,
1835,LIN7C,HTR2C,
1836,LIPC,LRP1,
1837,LIPH,LPAR1,
1838,LIPH,LPAR2,
1839,LIPH,LPAR4,
1840,LPA,LRP2,
1841,LPL,GPIHBP1,
1842,LPL,LRP1,
1843,LPL,LRP2,
1844,LPL,SDC1,
1845,LPL,VLDLR,
1847,LRPAP1,LDLR,
1848,LRPAP1,LRP1,
1849,LRPAP1,LRP2,
1850,LRPAP1,LRP8,
1851,LRPAP1,SORL1,
1852,LRPAP1,VLDLR,
1853,LTBP1,ITGB5,
1854,LTBP3,ITGB5,
1855,LTF,LRP1,
1856,LTF,LRP11,
1857,LY86,CD180,
1858,MADCAM1,ITGA4,
1859,MADCAM1,ITGB7,
1860,MATN1,ITGA1,
1861,MATN1,ITGB1,
1862,MBL2,CALCR,
1863,MEPE,PHEX,
1864,MFGE8,ITGAV,
1865,MFGE8,ITGB3,
1866,MFGE8,PDGFRB,
1867,MFNG,NOTCH1,
1868,MFNG,NOTCH2,
1869,MIA,CDH7,
1870,MLLT4,EPHA7,
1871,MLLT4,EPHB2,
1872,MLLT4,EPHB3,
1873,MLLT4,EPHB6,
1874,MLLT4,F11R,
1875,MLLT4,NRXN2,
1876,HLA-DPB1,CD4,
1877,MLLT4,PVRL1,
1878,MLLT4,PVRL2,
1879,MLLT4,PVRL3,
1880,MLLT4,PVRL4,
1881,MMP1,ITGA2,
1882,MMP7,ERBB4,
1883,MUC2,AGR2,
1884,MUC7,SELL,
1885,MYOC,FZD1,
1886,MYOC,FZD10,
1887,MYOC,FZD3,
1888,MYOC,FZD4,
1889,MYOC,FZD7,
1890,NAMPT,INSR,
1891,F11R,JAM3,
1892,NDP,LGR4,
1893,SLURP1,CHRNB1,
1894,SLURP1,CHRNB2,
1895,SLURP1,CHRNB3,
1896,SLURP1,CHRNB4,
1897,NOV,NOTCH1,
1898,NPNT,ITGA8,
1899,NPNT,ITGB1,
1900,NPPA,NPR3,
1901,NPPB,NPR1,
1902,NPPB,NPR2,
1903,NPPB,NPR3,
1904,NPPC,NPR2,
1905,NPPC,NPR3,
1906,NPVF,NPFFR1,
1907,NPVF,NPFFR2,
1908,SLURP1,CHRND,
1909,SLURP1,CHRNE,
1910,SLURP1,CHRNG,
1911,NTN1,ADORA2B,
1912,NTN1,DSCAM,
1913,NTN1,DCC,
1914,NTN1,UNC5A,
1915,NTN1,UNC5B,
1916,NTN1,UNC5C,
1917,NTN3,CDON,
1918,NTN3,NEO1,
1919,NTN4,NTRK2,
1920,NTN4,UNC5B,
1921,NTN4,UNC5D,
1922,NTN4,DCC,
1923,NTN4,UNC5A,
1924,HLA-DOA,CD4,
1925,LRRC4,NTNG2,
1926,HLA-DQA1,CD4,
1927,OBP2A,OR1G1,
1928,OLFM2,ROBO2,
1929,OMG,LINGO1,
1930,OMG,RTN4R,
1931,HLA-DMA,CD4,
1932,OSTN,NPR3,
1933,PCSK9,VLDLR,
1934,PDAP1,PDGFRB,
1935,HLA-DMB,CD4,
1936,HLA-DQA2,CD4,
1937,PLG,F2RL3,
1938,PLG,F2RL2,
1939,PF4,LDLR,
1940,PF4,PROCR,
1941,PF4,SDC2,
1942,PF4,THBD,
1943,PIGF,FLT1,
1944,PIP,CD4,
1945,PLA2G10,PLA2R1,
1946,PLG,F2R,
1947,PLG,F2RL1,
1948,GZMA,F2R,
1949,GZMA,F2RL1,
1950,GZMA,F2RL2,
1951,PLG,PLGRKT,
1952,PLTP,ABCA1,
1953,PODXL,SELL,
1954,PON2,HTR2A,
1955,PRND,RPSA,
1956,PROC,THBD,
1957,PROS1,AXL,
1958,PROS1,TYRO3,
1959,PRSS23,TMEM222,
1960,SLURP1,CHRNA5,
1961,SLURP1,CHRNA1,
1962,SLURP1,CHRNA6,
1963,PTDSS1,JMJD6,
1964,PTDSS1,SCARB1,
1965,PTGS2,PTGDR2,
1966,PTMA,VIPR1,
1967,PLG,PARD3,
1968,GZMA,PARD3,
1969,SLURP1,CHRNA2,
1970,RBP3,NOTCH1,
1971,RELN,ITGA3,
1972,RELN,ITGB1,
1973,RGMA,NEO1,
1974,RGMB,NEO1,
1975,RIMS1,CACNA1C,
1976,RIMS2,ABCA1,
1977,RNASE2,TLR2,
1978,AKR1B1,PTGFR,
1979,AKR1C3,PTGDR,
1980,AKR1C3,PTGDR2,
1981,AKR1C3,PTGFR,
1982,CBR1,PTGFR,
1983,PTGDS,PTGDR,
1984,PTGDS,PTGDR2,
1985,PTGES,PTGER1,
1986,PTGES,PTGER2,
1987,PTGES,PTGER3,
1988,PTGES,PTGER4,
1989,PTGES2,PTGER1,
1990,PTGES2,PTGER2,
1991,PTGES2,PTGER3,
1992,PTGES2,PTGER4,
1993,PTGES3,PTGER1,
1994,PTGES3,PTGER2,
1995,PTGES3,PTGER3,
1996,PTGES3,PTGER4,
1997,RSPO1,FZD8,
1998,RSPO1,KREMEN1,
1999,RSPO1,LGR4,
2000,RSPO1,LGR5,
2001,RSPO1,LGR6,
2002,RSPO1,LRP6,
2003,PYY,NPY1R,
2004,PYY,NPY2R,
2005,PYY,NPY4R,
2006,PYY,NPY5R,
2007,PYY,NPY6R,
2008,PYY,GPR83,
2009,RSPO1,ZNRF3,
2010,RSPO3,FZD8,
2011,RSPO3,LRP6,
2012,RSPO3,SDC4,
2013,RTN4,CNTNAP1,
2014,RTN4,LINGO1,
2015,RTN4,RTN4R,
2016,RTN4,TNFRSF19,
2017,S100A8,TLR4,
2018,S100A9,TLR4,
2020,SCGB1A1,LMBR1L,
2021,SCGB1A1,LRP2,
2022,SCGB3A1,MARCO,
2023,SCGB3A2,MARCO,
2024,SEMA3A,NRP2,
2025,SEMA3B,NRP1,
2026,SEMA3B,NRP2,
2027,SEMA3C,NRP1,
2028,SEMA3C,PLXND1,
2029,SEMA3D,NRP1,
2030,SEMA3F,NRP1,
2031,SEMA3F,PLXNA3,
2032,SEMA3G,NRP2,
2033,SEMA4B,DCBLD2,
2034,MPZ,MPZL1,
2035,SEMA4F,NRP2,
2036,JAM2,JAM2,
2037,SEMA6A,PLXNA4,
2043,SFRP1,FZD2,
2044,SFRP1,FZD6,
2045,SFTPA1,TLR2,
2046,SHANK1,ABCA1,
2047,SHANK1,BAI2,
2048,SHANK1,LPHN1,
2049,SHANK1,LPHN2,
2050,SHANK1,SSTR2,
2051,SHBG,CD177,
2052,SHBG,CLDN4,
2053,SHBG,SLC37A1,
2054,SLIT3,ROBO2,
2055,SORBS1,INSR,
2056,SOST,LRP5,
2057,SOST,LRP6,
2058,SPINK1,EGFR,
2059,SPINK1,NRSN1,
2060,SPINT1,ST14,
2061,SPP1,CD44,
2062,SPP1,ITGA5,
2063,PRSS3,PARD3,
2064,TAC4,TACR1,
2065,PRSS3,F2RL2,
2066,PRSS3,F2RL3,
2067,TCTN1,TMEM67,
2068,TGFA,ERBB2,
2069,GDF15,TGFBR2,
2070,INHBC,ACVR1C,
2071,TG,LRP2,
2072,THBS2,ITGA3,
2073,THBS2,ITGAV,
2074,THBS2,CD36,
2075,THBS2,CD47,
2076,THBS2,ITGB1,
2077,THBS2,ITGB3,
2078,TIMP1,CD63,
2079,TIMP2,ITGA3,
2080,TIMP2,ITGB1,
2081,TIMP3,AGTR2,
2082,CLEC2C,KLRB1,
2083,PRSS1,F2R,
2084,PRSS1,F2RL2,
2085,PRSS1,F2RL3,
2086,PRSS1,PARD3,
2087,TNF,TNFRSF21,
2088,UCN3,CRHR1,
2089,VASP,CXCR2,
2090,VCAN,CD44,
2091,VCAN,EGFR,
2092,VCAN,ITGA4,
2093,VCAN,ITGB1,
2094,VCAN,SELP,
2095,VCAN,TLR2,
2096,MPZL1,MPZL1,
2097,HLA-DRB1,CD4,
2098,HLA-DRB4,CD4,
2099,VIM,CD44,
2100,HLA-DRB3,CD4,
2101,WNT3A,APCDD1,
2102,WNT3A,LRP1,
2103,WNT5A,FZD1,
2104,WNT5A,MCAM,
2105,YARS,CXCR1,
2106,ZG16B,TLR2,
2107,ZG16B,TLR4,
2108,ZG16B,TLR5,
2109,ZG16B,TLR6,
2110,ZP3,MERTK,
2111,HLA-DRB5,CD4,
2112,NEGR1,NEGR1,
2113,MPZ,MPZ,
2114,HLA-DOB,CD4,
2115,HLA-DQB1,CD4,
2116,HLA-DPA1,CD4,
2117,HLA-DRA,CD4,
2118,CCL3L3,CCR1,
2119,CD80,CD274,
2120,GRN,SORT1,
2121,HLA-C,KIR2DS1,
2122,NECTIN1,NECTIN3,
2123,NECTIN3,NECTIN2,
2124,NECTIN3,NECTIN1,
2125,CD226,NECTIN2,
2126,HLA-C,KIR2DL2,
2127,PVR,TIGIT,
2128,JAM2,JAM3,
2129,PVR,KIR2DL5A,
2130,CD226,PVR,
2131,SEMA4A,PLXNB1,
2132,NECTIN2,CD226,
2133,NECTIN1,NECTIN4,
2134,SEMA4A,PLXNB2,
2135,CCL13,ACKR1,
2136,CCL17,ACKR2,
2137,CCL22,ACKR2,
2138,CD96,PVR,
2139,SEMA4A,PLXNB3,
2140,CLEC2D,KLRB1,
2141,CXCL2,ACKR1,
2142,CCL17,ACKR1,
2143,TIGIT,PVR,
2144,NECTIN1,CD96,
2145,CCL11,ACKR1,
2146,CCL14,ACKR1,
2147,CXCL6,ACKR1,
2148,CCL7,ACKR1,
2149,FGF10,FGFR1,
2150,CXCL5,ACKR1,
2151,SEMA5A,PLXNA1,
2152,NECTIN1,CADM3,
2153,SEMA6B,PLXNA4,
2154,CCL24,ACKR2,
2155,ICAM1,SPN,
2156,DSC1,DSG2,
2157,DSC2,DSG1,
2158,DSC2,DSG2,
2159,CCL8,ACKR1,
2160,FGF20,FGFR3,
2161,FGF20,FGFR4,
2162,FGF20,FGFR1,
2163,FGF20,FGFR2,
2164,PTPRC,MRC1,
2165,FGF16,FGFR1,
2166,THBS4,ITGA3,
2167,THBS4,ITGAV,
2168,THBS4,CD36,
2169,THBS4,CD47,
2170,THBS4,ITGB1,
2171,THBS4,ITGB3,
2172,SLURP1,CHRNA7,
2173,CD96,NECTIN1,
2174,CD209,CEACAM1,
2175,INSL3,RXFP1,
2176,PTPRC,CD22,
2177,CD22,PTPRC,
2178,CEACAM1,CEACAM5,
2179,ICOSLG,CTLA4,
2180,CXCL3,ACKR1,
2181,MIF,ACKR3,
2182,ICOSLG,CD28,
2183,PDGFA,PDGFRB,
2184,CXCL11,ACKR1,
2185,PRSS3,F2R,
2186,JAM3,JAM2,
2187,ADGRE5,CD55,
2188,SEMA6B,PLXNA2,
2189,KLK3,NTRK1,
2190,GHRH,VIPR2,
2191,GHRH,GHSR,
2192,KLK3,NGFR,
2193,UTS2B,SSTR5,
2194,CD8A,CEACAM5,
2195,SEMA5B,PLXNA1,
2196,SEMA5A,PLXNA3,
2197,SEMA5B,PLXNA3,
2198,F11R,JAM2,
2199,PRSS2,F2RL1,
2200,PRSS3,F2RL1,
2201,CD1D,CEACAM5,
2202,CLEC2A,KLRB1,
2203,CLEC2L,KLRB1,
2204,CLEC1B,KLRB1,
2205,HLA-C,KIR3DL3,
2206,COL1A1,GP6,
2207,VSIR,IGSF11,
2208,SLURP1,CHRNA10,
2209,SLURP1,CHRNA9,
2210,SLURP1,CHRNA4,
2211,JAM3,F11R,
2212,SLURP1,CHRNA3,
2213,DSG1,DSC3,
2214,SELE,CEACAM1,
2215,CCL1,ACKR1,
2216,CCL16,ACKR1,
2217,CCL18,ACKR1,
2218,CXCL9,ACKR1,
2219,CXCL10,ACKR1,
2220,CXCL13,ACKR1,
2221,CCL26,ACKR2,
2222,RETN,TLR4,
2223,RETN,CAP1,
2224,ANGPTL2,TLR4,
2225,ANGPTL4,CDH5,
2226,ANGPTL4,CDH11,
2227,ANGPTL4,SDC1,
2228,ANGPTL4,SDC2,
2229,ANGPTL4,SDC3,
2230,ANGPTL4,SDC4,
2231,MIF,CXCR2,
2232,BMP8B,BMPR2,
2233,BMP8B,BMPR1B,
2234,SPP1,ITGB6,
2235,SEMA3F,PLXNA4,
2236,COL6A1,ITGA1,
2237,COL6A1,ITGA2,
2238,COL6A1,ITGA3,
2239,COL6A1,ITGA9,
2240,COL6A1,ITGA10,
2241,COL6A1,ITGA11,
2242,COL6A1,ITGAV,
2243,COL6A1,CD44,
2244,COL6A1,GP6,
2245,COL6A1,ITGB1,
2246,COL6A1,ITGB8,
2247,SPP1,ITGB5,
2248,SEMA3D,PLXNA4,
2249,SEMA3G,PLXNA4,
2250,ANGPTL2,ITGB1,
2251,ANGPTL4,ITGB1,
2252,ANGPTL4,ITGB3,
2253,CNTN1,MCAM,
2254,CNTN1,NRCAM,
2255,ITGB2,ICAM2,
2256,TGFB1,ACVR1C,
2257,TGFB2,ACVR1C,
2258,TGFB3,ACVR1C,
2259,AGRN,DAG1,
2260,DSC1,DSG1,
2261,ENHO,GPR19,
2262,DSG2,DSC3,
2263,SIGLEC1,SPN,
2264,CTSG,F2RL3,
2265,CTSG,PARD3,
2266,CTSG,FPR1,
2267,CTSG,F2RL2,
2268,CTSG,F2RL1,
2269,CTSG,F2R,
2270,IGF2,ITGB3,
2271,IGF2,ITGB4,
2272,MIF,CXCR4,
2273,MIF,CD74,
2274,ANGPT2,ITGB1,
2275,THY1,ITGB3,
2276,SEMA3B,PLXNA4,
2277,SEMA4A,PLXNA4,
2278,BMP8B,ACVR2A,
2279,BMP8B,ACVR2B,
2280,BMP8B,BMPR1A,
2281,JAM3,ITGB2,
2282,COL4A3,ITGA1,
2283,COL4A3,ITGA2,
2284,COL4A3,ITGA3,
2285,COL4A3,ITGA9,
2286,COL4A3,ITGA10,
2287,COL4A3,ITGA11,
2288,COL4A3,CD44,
2289,COL4A3,ITGAV,
2290,COL4A3,ITGB1,
2291,COL4A3,ITGB8,
2292,COL4A3,GP6,
2293,BMP8B,ACVR1,
2294,SPP1,ITGA8,
2295,NAMPT,ITGA5,
2296,ANGPTL2,ITGA5,
2297,ANGPTL4,ITGA5,
2298,ANGPTL4,ITGAV,
2299,POSTN,ITGAV,
2300,SEMA3D,NRP2,
2301,GDF1,ACVR1C,
2302,IGFBP3,TMEM219,
2303,CDH2,FCER2,
2304,FCER2,FGFR2,
2305,FCER2,ITGAM,
2306,FCER2,ITGAX,
2307,FCER2,ITGAV,
2308,FCER2,CR2,
2309,FCER2,ITGB2,
2310,FCER2,ITGB3,
2311,THY1,ITGAM,
2312,WNT10B,FZD10,
2313,WNT10A,FZD6,
2314,WNT10A,FZD4,
2315,WNT10B,FZD5,
2316,WNT10A,FZD2,
2317,WNT10B,FZD9,
2318,JAM2,ITGA3,
2319,SEMA4A,NRP1,
2320,NRG4,ERBB2,
2321,WNT10B,FZD6,
2322,WNT10A,FZD3,
2323,WNT10B,FZD2,
2324,WNT10B,FZD8,
2325,WNT10A,FZD10,
2326,WNT10B,FZD4,
2327,JAM2,ITGAV,
2328,IBSP,ITGAV,
2329,NRG2,ERBB2,
2330,COMP,ITGAV,
2331,COMP,ITGB3,
2332,COMP,ITGB1,
2333,COMP,ITGA3,
2335,TGFB1,ACVR1B,
2336,TGFB2,ACVR1B,
2337,TGFB3,ACVR1B,
2338,PTN,ALK,
2339,PTN,PTPRZ1,
2340,PTN,SDC1,
2341,PTN,SDC3,
2342,PTN,SDC2,
2343,PTN,SDC4,
2344,PTN,NCL,
2345,PTN,ITGB3,
2346,PTN,ITGAV,
2347,POSTN,ITGB3,
2348,POSTN,ITGB5,
2349,SEMA3B,PLXNA1,
2350,SEMA3B,PLXNA2,
2351,SEMA3B,PLXNA3,
2352,SEMA3C,PLXNA1,
2353,SEMA3C,PLXNA2,
2354,SEMA3C,PLXNA3,
2355,SEMA3C,PLXNA4,
2356,SEMA3D,PLXNA1,
2357,SEMA3D,PLXNA2,
2358,SEMA3F,PLXNA1,
2359,SEMA3F,PLXNA2,
2360,SEMA3G,PLXNA1,
2361,SEMA3G,PLXNA2,
2362,SEMA3G,PLXNA3,
2363,GDF1,ACVR2A,
2364,THY1,ITGB2,
2365,WNT10B,LRP6,
2366,THBS3,ITGA3,
2367,THBS3,ITGAV,
2368,THBS3,CD36,
2369,THBS3,CD47,
2370,THBS3,ITGB1,
2371,THBS3,ITGB3,
2372,JAM2,ITGB1,
2373,SEMA4A,PLXNA1,
2374,SEMA4A,PLXNA2,
2375,SEMA4A,PLXNA3,
2376,IBSP,ITGB3,
2377,GDF10,ACVR2B,
2378,GDF10,ACVR2A,
2379,IGF2,ITGAV,
2380,IGF2,ITGA6,
2381,MIF,CD44,
2382,ANGPT2,ITGA5,
2383,THY1,ITGAV,
2384,THY1,ITGAX,
2385,NRG3,ERBB2,
2386,JAM3,ITGAM,
2387,ANGPTL2,LILRB3,
2388,MIF,TNFRSF14,
2389,ANGPTL7,LILRB3,
2390,BMP3,ACVR2A,
2391,GREM1,KDR,
2392,RTN4,RTN4RL1,
2393,GH,GHR,
2394,COL6A5,ITGA1,
2395,COL6A5,ITGA2,
2396,COL6A5,ITGA3,
2397,COL6A5,ITGA9,
2398,COL6A5,ITGA10,
2399,COL6A5,ITGA11,
2400,COL6A5,ITGAV,
2401,COL6A5,CD44,
2402,COL6A5,GP6,
2403,COL6A5,ITGB1,
2404,COL6A5,ITGB8,
2405,COL6A6,ITGA1,
2406,COL6A6,ITGA2,
2407,COL6A6,ITGA3,
2408,COL6A6,ITGA9,
2409,COL6A6,ITGA10,
2410,COL6A6,ITGA11,
2411,COL6A6,ITGAV,
2412,COL6A6,CD44,
2413,COL6A6,GP6,
2414,COL6A6,ITGB1,
2415,COL6A6,ITGB8,
2416,COL9A1,ITGA1,
2417,COL9A1,ITGA2,
2418,COL9A1,ITGA3,
2419,COL9A1,ITGA9,
2420,COL9A1,ITGA10,
2421,COL9A1,ITGA11,
2422,COL9A1,ITGAV,
2423,COL9A1,CD44,
2424,COL9A1,GP6,
2425,COL9A1,ITGB1,
2426,COL9A1,ITGB8,
2427,COL9A2,ITGA1,
2428,COL9A2,ITGA2,
2429,COL9A2,ITGA3,
2430,COL9A2,ITGA9,
2431,COL9A2,ITGA10,
2432,COL9A2,ITGA11,
2433,COL9A2,ITGAV,
2434,COL9A2,CD44,
2435,COL9A2,GP6,
2436,COL9A2,ITGB1,
2437,COL9A2,ITGB8,
2438,COL9A3,ITGA1,
2439,COL9A3,ITGA2,
2440,COL9A3,ITGA3,
2441,COL9A3,ITGA9,
2442,COL9A3,ITGA10,
2443,COL9A3,ITGA11,
2444,COL9A3,ITGAV,
2445,COL9A3,CD44,
2446,COL9A3,GP6,
2447,COL9A3,ITGB1,
2448,COL9A3,ITGB8,
2449,LAMA1,GPC1,
2450,LAMA1,RPSA,
2451,LAMA1,SDC2,
2452,LAMA1,NT5E,
2453,LAMA1,SDC4,
2454,LAMA1,TMPRSS6,
2455,LAMA1,ITGA1,
2456,LAMA1,ITGA2,
2457,LAMA1,ITGA3,
2458,LAMA1,ITGA6,
2459,LAMA1,ITGA7,
2460,LAMA1,ITGA9,
2461,LAMA1,ITGAV,
2462,LAMA1,CD44,
2463,LAMA1,SV2A,
2464,LAMA1,SV2B,
2465,LAMA1,SV2C,
2466,LAMA1,DAG1,
2467,LAMA1,ITGB1,
2468,LAMA1,ITGB8,
2469,LAMA1,ITGB4,
2470,LAMA2,ITGA1,
2471,LAMA2,ITGA2,
2472,LAMA2,ITGA3,
2473,LAMA2,ITGA6,
2474,LAMA2,ITGA7,
2475,LAMA2,ITGA9,
2476,LAMA2,ITGAV,
2477,LAMA2,CD44,
2478,LAMA2,SV2A,
2479,LAMA2,SV2B,
2480,LAMA2,SV2C,
2481,LAMA2,DAG1,
2482,LAMA2,ITGB1,
2483,LAMA2,ITGB8,
2484,LAMA2,ITGB4,
2485,LAMA2,ADGRG6,
2486,LAMA3,ITGA1,
2487,LAMA3,ITGA2,
2488,LAMA3,ITGA3,
2489,LAMA3,ITGA7,
2490,LAMA3,ITGA9,
2491,LAMA3,ITGAV,
2492,LAMA3,ITGA6,
2493,LAMA3,CD44,
2494,LAMA3,SV2A,
2495,LAMA3,SV2B,
2496,LAMA3,SV2C,
2497,LAMA3,DAG1,
2498,LAMA3,ITGB1,
2499,LAMA3,ITGB8,
2500,LAMA3,ITGB4,
2501,LAMA4,ITGA1,
2502,LAMA4,ITGA2,
2503,LAMA4,ITGA3,
2504,LAMA4,ITGA7,
2505,LAMA4,ITGA9,
2506,LAMA4,ITGAV,
2507,LAMA4,ITGA6,
2508,LAMA4,CD44,
2509,LAMA4,SV2A,
2510,LAMA4,SV2B,
2511,LAMA4,SV2C,
2512,LAMA4,DAG1,
2513,LAMA4,ITGB1,
2514,LAMA4,ITGB8,
2515,LAMA4,ITGB4,
2516,LAMA5,ITGA1,
2517,LAMA5,ITGA2,
2518,LAMA5,ITGA3,
2519,LAMA5,ITGA7,
2520,LAMA5,ITGA9,
2521,LAMA5,ITGAV,
2522,LAMA5,ITGA6,
2523,LAMA5,CD44,
2524,LAMA5,SV2A,
2525,LAMA5,SV2B,
2526,LAMA5,SV2C,
2527,LAMA5,DAG1,
2528,LAMA5,ITGB1,
2529,LAMA5,ITGB8,
2530,LAMA5,ITGB4,
2531,LAMB1,ITGA1,
2532,LAMB1,ITGA2,
2533,LAMB1,ITGA3,
2534,LAMB1,ITGA7,
2535,LAMB1,ITGA9,
2536,LAMB1,ITGAV,
2537,LAMB1,ITGA6,
2538,LAMB1,CD44,
2539,LAMB1,SV2A,
2540,LAMB1,SV2B,
2541,LAMB1,SV2C,
2542,LAMB1,DAG1,
2543,LAMB1,ITGB1,
2544,LAMB1,ITGB8,
2545,LAMB1,ITGB4,
2546,LAMB2,ITGA1,
2547,LAMB2,ITGA2,
2548,LAMB2,ITGA3,
2549,LAMB2,ITGA7,
2550,LAMB2,ITGA9,
2551,LAMB2,ITGAV,
2552,LAMB2,ITGA6,
2553,LAMB2,CD44,
2554,LAMB2,SV2A,
2555,LAMB2,SV2B,
2556,LAMB2,SV2C,
2557,LAMB2,DAG1,
2558,LAMB2,ITGB1,
2559,LAMB2,ITGB8,
2560,LAMB2,ITGB4,
2561,LAMB3,ITGA1,
2562,LAMB3,ITGA2,
2563,LAMB3,ITGA3,
2564,LAMB3,ITGA7,
2565,LAMB3,ITGA9,
2566,LAMB3,ITGAV,
2567,LAMB3,ITGA6,
2568,LAMB3,CD44,
2569,LAMB3,SV2A,
2570,LAMB3,SV2B,
2571,LAMB3,SV2C,
2572,LAMB3,DAG1,
2573,LAMB3,ITGB1,
2574,LAMB3,ITGB8,
2575,LAMB3,ITGB4,
2576,LAMC1,ITGA1,
2577,LAMC1,ITGA2,
2578,LAMC1,ITGA3,
2579,LAMC1,ITGA7,
2580,LAMC1,ITGA9,
2581,LAMC1,ITGAV,
2582,LAMC1,ITGA6,
2583,LAMC1,CD44,
2584,LAMC1,SV2A,
2585,LAMC1,SV2B,
2586,LAMC1,SV2C,
2587,LAMC1,DAG1,
2588,LAMC1,ITGB8,
2589,LAMC1,ITGB4,
2590,LAMC2,ITGA1,
2591,LAMC2,ITGA2,
2592,LAMC2,ITGA3,
2593,LAMC2,ITGA7,
2594,LAMC2,ITGA9,
2595,LAMC2,ITGAV,
2596,LAMC2,ITGA6,
2597,LAMC2,CD44,
2598,LAMC2,SV2A,
2599,LAMC2,SV2B,
2600,LAMC2,SV2C,
2601,LAMC2,DAG1,
2602,LAMC2,ITGB1,
2603,LAMC2,ITGB8,
2604,LAMC2,ITGB4,
2605,LAMC3,ITGA1,
2606,LAMC3,ITGA2,
2607,LAMC3,ITGA3,
2608,LAMC3,ITGA7,
2609,LAMC3,ITGA9,
2610,LAMC3,ITGAV,
2611,LAMC3,ITGA6,
2612,LAMC3,CD44,
2613,LAMC3,SV2A,
2614,LAMC3,SV2B,
2615,LAMC3,SV2C,
2616,LAMC3,DAG1,
2617,LAMC3,ITGB1,
2618,LAMC3,ITGB8,
2619,LAMC3,ITGB4,
2620,TNR,ITGA8,
2621,TNR,ITGA9,
2622,TNR,ITGAV,
2623,TNR,ITGB1,
2624,TNR,ITGB3,
2625,TNR,ITGB6,
2626,TNR,ITGA2B,
2627,TNR,SDC1,
2629,TNN,ITGA8,
2630,TNN,ITGA9,
2631,TNN,ITGAV,
2632,TNN,ITGB1,
2633,TNN,ITGB3,
2634,TNN,ITGB6,
2635,TNN,ITGA2B,
2636,TNN,SDC1,
2637,TNN,SDC4,
2638,TNXB,ITGA8,
2639,TNXB,ITGA9,
2640,TNXB,ITGAV,
2641,TNXB,ITGB1,
2642,TNXB,ITGB3,
2643,TNXB,ITGB6,
2644,TNXB,ITGA2B,
2645,TNXB,SDC1,
2646,TNXB,SDC4,
2647,ADCYAP1,SCTR,
2648,AGT,LRP2,
2649,ANGPT1,ITGB1,
2652,ANGPTL2,TIE1,
2653,ANGPTL3,ITGA5,
2654,ANGPTL4,TIE1,
2655,APOB,APOBR,
2656,APOB,LDLR,
2657,APOB,LRP2,
2658,APOB,LSR,
2659,APOB,CALCR,
2660,APOB,ITGAM,
2661,APOB,ITGB2,
2662,APOB,LRP6,
2663,APOB,LRP8,
2664,APOB,OLR1,
2665,APOC3,SDC2,
2666,APOC3,TLR2,
2668,AVP,OXTR,
2669,BCAN,EGFR,
2670,BCAN,NRCAM,
2671,BDNF,DDR1,
2672,BDNF,DRD4,
2673,BDNF,NGFRAP1,
2674,BDNF,NGFR,
2675,BDNF,SORT1,
2676,BDNF,NTRK2,
2677,C6orf15,DDR1,
2679,CCL13,CCR9,
2680,CCL13,CXCR3,
2681,CCL19,ACKR2,
2682,CCL19,CCR10,
2683,CCL19,CCRL2,
2684,CCL28,ACKR2,
2685,CCL5,ACKR4,
2687,CCL5,GPR75,
2689,CCL7,ACKR4,
2690,CD34,SELL,
2691,CGN,TGFBR1,
2692,CGN,TGFBR2,
2693,CLCF1,IL6ST,
2694,CNTN2,NRP1,
2695,CSF2,CSF2RA,
2696,CSF2,CSF2RB,
2697,CSHL1,GHR,
2698,CTGF,LRP6,
2699,CXCL11,CCR3,
2700,CXCL12,CXCR7,
2701,CXCL13,HTR2A,
2702,CXCL13,OPRD1,
2703,CXCL2,XCR1,
2704,CXCL9,CCR3,
2705,DUSP18,ITGA1,
2706,DUSP18,ITGA2,
2707,DUSP18,ITGA3,
2708,DUSP18,ITGA6,
2709,DUSP18,ITGA7,
2710,DUSP18,ITGB1,
2711,DUSP18,ITGB4,
2712,DUSP18,RPSA,
2713,EDIL3,ITGB5,
2714,EGFL8,NCR3,
2715,EGF,FSHR,
2716,FASLG,TNFRSF6B,
2717,FGF11,FGFR1,
2718,FGF11,FGFR2,
2719,FGF11,FGFR3,
2720,FGF11,FGFR4,
2721,FGF12,FGFR1,
2722,FGF12,FGFR2,
2723,FGF12,FGFR3,
2724,FGF12,FGFR4,
2725,FGF13,EGFR,
2726,FGF13,FGFR1,
2727,FGF13,FGFR2,
2728,FGF13,FGFR3,
2729,FGF13,FGFR4,
2730,FGF14,FGFR1,
2731,FGF14,FGFR2,
2732,FGF14,FGFR3,
2733,FGF14,FGFR4,
2734,FGF2,ITGB3,
2735,FGF2,FGFR1,
2736,FGF2,FGFR2,
2737,FGF2,FGFR3,
2738,FGF2,FGFR4,
2739,FGF2,ITGAV,
2740,FGF21,FGFR1,
2741,FGF21,FGFR3,
2742,FGF21,KLB,
2743,FGF21,FGFR4,
2744,FLRT3,ADGRL2,
2745,FLRT3,ADGRL3,
2746,FLRT3,ADGRL1,
2747,FST,BMPR1B,
2748,IHH,PTCH1,
2749,IHH,CDON,
2750,IHH,PTCH2,
2751,IHH,BOC,
2752,IHH,HHIP,
2753,IHH,GAS1,
2754,GDNF,EDNRB,
2755,GIP,INSR,
2756,HLA-A,APLP2,
2757,HLA-A,CD3D,
2758,HLA-A,CD3G,
2759,HLA-A,ERBB2,
2760,HLA-A,KIR2DL1,
2761,HLA-A,KIR2DL3,
2762,HLA-B,CD3D,
2763,HLA-B,CD3G,
2764,HLA-B,KIR2DL3,
2765,HLA-C,CD3D,
2766,HLA-C,CD3G,
2767,HLA-C,DDR1,
2768,HLA-C,KIR3DL1,
2769,HLA-C,LILRA3,
2770,HLA-C,NOTCH4,
2771,HLA-E,KIR3DL1,
2772,HLA-G,CD4,
2773,HLA-G,KLRC1,
2774,HLA-G,KLRD1,
2775,IAPP,RAMP1,
2776,IAPP,RAMP2,
2777,IL10,SIRPG,
2778,IL16,CCR5,
2779,IL1RN,IL1RL2,
2780,IL22,IL21R,
2781,IL2,GYPE,
2782,KITLG,EPOR,
2783,LEFTY1,TDGF1,
2784,KNG1,BDKRB1,
2785,KNG1,BDKRB2,
2786,KNG1,GP1BA,
2787,KNG1,GPR135,
2788,KNG1,ITGAM,
2789,KNG1,ITGB2,
2790,KNG1,SDC2,
2791,KNG1,RXFP4,
2792,NCAM2,L1CAM,
2793,L1CAM,ITGA4,
2794,L1CAM,ITGB7,
2795,L1CAM,ERBB2,
2796,L1CAM,ERBB3,
2797,CNTN2,L1CAM,
2798,L1CAM,ITGAV,
2799,L1CAM,L1CAM,
2800,L1CAM,ITGB3,
2801,L1CAM,CNTN1,
2802,L1CAM,EGFR,
2803,L1CAM,ITGB1,
2804,L1CAM,ITGA9,
2805,L1CAM,EPHB2,
2806,L1CAM,FGFR2,
2807,L1CAM,ITGA5,
2808,APLP2,PIGR,
2809,APLP2,PLXNA4,
2810,NGF,MAGED1,
2811,NGF,NGFR,
2812,NGF,NTRK1,
2813,NGF,KIDINS220,
2814,NGF,NGFRAP1,
2815,NGF,SORCS3,
2816,NGF,SORT1,
2817,LAMA2,RPSA,
2818,LAMA3,SDC2,
2819,LAMA5,SDC1,
2820,LAMB2,RPSA,
2821,LEP,LRP2,
2822,LPA,ITGAM,
2823,LPA,ITGB2,
2824,LY6G5C,TMEM8A,
2825,MIA,CDH19,
2826,NPY,NPY1R,
2827,NPY,NPY2R,
2828,NPY,NPY4R,
2829,NPY,NPY5R,
2830,NPY,NPY6R,
2831,NPY,GPR83,
2832,NPY,PRLHR,
2833,NTF4,NTRK1,
2834,NTNG2,LRRC4,
2835,ORM1,CCR5,
2836,OXT,AVPR2,
2837,PF4,FGFR2,
2838,PI3,PLD2,
2839,PIP,NPTN,
2840,PLG,F3,
2841,PLG,FLT1,
2842,PLG,ITGA9,
2843,PLG,ITGAM,
2844,PLG,ITGB1,
2845,PLG,ITGB2,
2846,PTHLH,PRLHR,
2847,PDGFC,PDGFRB,
2848,QRFP,P2RY14,
2849,RGMA,BMPR1B,
2850,RGMA,BMPR2,
2852,SEMA3E,NRP1,
2853,SEMA5A,MET,
2854,SFTPD,TLR4,
2855,SLIT2,DCC,
2856,SPON2,ITGAM,
2857,SPON2,ITGB2,
2859,TAC3,TACR2,
2860,TAC3,TACR3,
2861,TAC4,TACR2,
2862,TAC4,TACR3,
2863,VTN,ITGA3,
2864,VTN,ITGB6,
2865,VTN,KDR,
2866,VTN,TNFRSF11B,
2867,VWF,GP1BB,
2868,VWF,ITGAV,
2869,VWF,ITGB3,
2870,VWF,ITGA2B,
2871,VWF,GP1BA,
2872,VWF,TNFRSF11B,
2873,WNT3A,ATP6AP2,
2874,ZP3,EGFR,
2876,ANXA1,FPR3,
2878,CYP11B2,NR3C1,
2879,CYP11B2,NR3C2,
2880,TNC,EGFR,
2881,TNC,ITGA2,
2882,TNC,ITGA7,
2883,TNC,PTPRB,
2884,TNC,PTPRZ1,
2885,TNFSF10,TNFRSF11B,
2886,VIP,SCTR,
2887,C1orf112,PLSCR4,
2888,C1orf194,PLSCR4,
2889,MDK,ALK,
2890,MDK,PTPRZ1,
2891,MDK,SDC3,
2892,MDK,LRP1,
2893,MDK,SDC4,
2894,MDK,SDC1,
2895,MDK,SDC2,
2896,MDK,ITGB1,
2897,MDK,ITGA4,
2898,MDK,ITGA6,
,MDK,SORL1,
2899,C3,C5AR2,
2900,C3,ITGAM,
2901,C3,ITGB2,
2902,C3,ITGAX,
2903,C3,CR2,
2904,CALR,HLA-F,
2905,CAMP,EGFR,
2906,CAMP,IGF1R,
2907,CAMP,P2RX7,
2909,CD14,ITGA4,
2910,CD14,ITGB1,
2911,CD24,SELP,
2912,CELA3B,CHRM3,
2913,CGN,OCLN,
2914,CLEC3A,CLEC10A,
2915,CLEC3A,CLEC2B,
2916,CNTF,IL6R,
2917,CNTF,IL6ST,
2918,COL11A1,ITGA2,
2919,COL11A1,ITGB1,
2920,COL1A1,DDR2,
2921,COL1A1,ITGA5,
2922,COL1A1,SDC1,
2923,COL1A1,SDC4,
2924,COL1A2,SDC1,
2925,COL1A2,SDC4,
2926,COL2A1,MAG,
2927,COL2A1,OR1E1,
2928,COL2A1,SDC4,
2929,COL2A1,TNFRSF10A,
2930,COL3A1,ITGA2,
2931,COL3A1,ITGB1,
2932,COL3A1,MAG,
2933,COL6A1,SDC1,
2934,COL7A1,ITGA2,
2935,COL7A1,ITGB1,
2936,COL9A1,MAG,
2937,COL9A2,MAG,
2938,COL9A3,MAG,
2939,COL9A3,SDC1,
2940,CP,SLC40A1,
2941,CRP,OLR1,
2942,CXCL10,SDC4,
2943,DSCAM,DCC,
2944,DUSP18,CD151,
2945,ECM1,CACHD1,
2946,EGF,CAV1,
2947,F10,ITGB2,
2948,F12,GP1BA,
2949,F2,GP1BA,
2950,F2,GP1BB,
2951,F2,ITGA2B,
2952,FARP2,PLXNA1,
2953,FARP2,PLXNA2,
2954,FARP2,PLXNA3,
2955,FARP2,PLXNA4,
2956,FBN1,ITGB6,
2957,FGA,ITGAD,
2958,FGA,ITGB2,
2959,FGB,ITGB2,
2960,FGF13,SCN5A,
2961,FGF13,SCN8A,
2962,FGG,ITGB2,
2963,FST,HFE2,
2964,HSD3B1,CATSPER1,
2965,HSD3B1,CATSPER2,
2966,HSD3B1,CATSPER3,
2967,HSD3B1,CATSPER4,
2968,HSD3B1,PGR,
2969,HSD3B1,CATSPERD,
2970,HSD3B1,CATSPERB,
2971,GDNF,SLC44A5,
2972,GZMB,PGRMC1,
2973,HHIPL2,CACHD1,
2974,HHLA3,CHRM3,
2975,HLA-B,CANX,
2976,HLA-C,SLC9C2,
2977,HLA-E,SLC16A4,
2978,HRAS,SDC2,
2979,HSP90B1,ERBB2,
2980,HSP90B1,TLR1,
2981,HSP90B1,TLR2,
2982,HSP90B1,TLR4,
2983,HSP90B1,TLR7,
2984,HSP90B1,TLR9,
2985,HSPA1A,GRIN2D,
2986,HSPA1A,TLR4,
2987,HSPG2,CHRM3,
2988,IL18,CD48,
2989,IL8,KDR,
2990,IL8,SDC3,
2991,KLK3,EPOR,
2992,SRD5A1,AR,
2993,SRD5A2,AR,
2994,SRD5A3,AR,
2995,CYP17A1A,AR,
2996,HSD17B6,NR1H4,
2997,LAMB3,CD151,
2998,LAMB3,COL17A1,
2999,LAMC2,CD151,
3000,LAMC2,COL17A1,
3001,LIN7C,KCNJ4,
3002,LTF,GP9,
3003,LTF,GPR162,
3004,LTF,TFRC,
3005,LYPD3,AGR2,
3006,LYZ,ITGAL,
3007,MATN1,PTPRD,
3008,MFI2,TFRC,
3010,FLRT1,ADGRL1,
3011,FLRT1,ADGRL3,
3012,FLRT2,ADGRL1,
3013,FLRT2,ADGRL3,
3014,LRRC4C,NTNG1,
3015,LRRC4C,PTPRF,
3016,NCAM1,FGFR1,
3017,NCAM1,NCAM1,
3018,NCAM1,NCAM2,
3019,NCAM1,L1CAM,
3020,NCAM1,AGRN,
3021,NLGN4X,NRXN3,
3022,DAG1,NRXN3,
3023,NLGN4Y,NRXN3,
3024,NCAN,SDC3,
3025,NTF4,NGFRAP1,
3026,NTS,SORT1,
3027,NUCB2,ERAP1,
3028,OLAH,MOG,
3029,OMG,NGFR,
3030,OMG,RTN4RL1,
3031,OMG,TNFRSF1B,
3032,P4HB,GPR162,
3033,PAPLN,SIRPA,
3034,PDGFB,ART1,
3035,PDX1,SLC2A2,
3036,PROC,ITGAM,
3037,PROC,ITGB2,
3038,PTGS2,ALOX5,
3039,QDPR,DYSF,
3040,REN,ASIC3,
3041,RGMA,HFE2,
3042,RGMB,BMPR1B,
3043,RGMB,BMPR2,
3044,RGMB,HFE2,
3045,RIMS1,SLC17A7,
3046,RIMS1,SLC18A2,
3047,RIMS1,SLC18A3,
3048,RTN4,GJB2,
3049,RTN4,NGFR,
3056,SERPINE2,LRP1,
3057,SFTPD,LY96,
3058,SORBS1,ITGA1,
3059,SORBS1,ITGB5,
3060,TCN2,CNR1,
3061,TCN2,LRP2,
3062,UBA52,ACVR1,
3063,UBA52,AGTR1,
3064,UBA52,BMPR1B,
3065,UBA52,EGFR,
3066,UBA52,ERBB2,
3067,UBA52,FSHR,
3068,UBA52,NOTCH1,
3069,UBA52,TGFBR1,
3070,UBA52,TGFBR2,
3071,LXA4,FPR2,
3072,TNC,NT5E,
3073,ICAM1,ITGAX,
3074,CD244,CD48,
3075,HSPG2,DAG1,
3076,CADM1,CADM1,
3077,JAG1,CD46,
3078,JAG1,VASN,
3079,ITGB2,ITGB2,
3080,SELE,CD44,
3081,NAMPT,ITGB1,
3082,SEMA3D,PLXNA3,
3083,IBSP,ITGB5,
3084,CCL21,CCBP2,
3085,CCL14,CCBP2,
3086,CTGF,LRP1,
3089,GAST,CCKAR,
3090,GAST,ADGRG1,
3091,CDH1,ITGB1,
3092,CDH1,ITGA2,
3093,ICAM2,CD209,
3094,ICAM3,CD209,
3095,JAM2,ITGA4,
3096,PLA2G2A,ITGA4,
3097,PLA2G2A,ITGB1,
3098,PLA2G2A,ITGA5,
3099,CYP27B1,VDR,
3100,CYP11B1,NR3C1,
3101,CYP11B1,NR3C2,
3102,CYP21A2,NR3C2,
3103,CYP19A1,ESR1,
3104,CYP19A1,ESR2,
3105,CYP19A1,GPER1,
3106,CYP19A1,NR1I2,
3107,CYP11A1,NR1H4,
3108,CYP3A4,NR1H4,
3109,HSD17B12,AR,
3110,HSD17B3,AR,
3111,DAGLA,CNR1,
3112,DAGLA,CNR2,
3113,DAGLA,GPR55,
3114,DAGLB,CNR1,
3115,DAGLB,CNR2,
3116,DAGLB,GPR55,
3117,CLSTN1,NRXN1,
3118,CLSTN1,NRXN2,
3119,CLSTN1,NRXN3,
3120,CLSTN2,NRXN1,
3121,CLSTN2,NRXN2,
3122,CLSTN2,NRXN3,
3123,CLSTN3,NRXN1,
3124,CLSTN3,NRXN2,
3125,CLSTN3,NRXN3,
3126,CEL,RORA,
3127,CEL,RORC,
3128,LIPA,RORA,
3129,LIPA,RORC,
3130,DHCR24,RORA,
3131,DHCR24,RORC,
3132,DHCR7,NR1H2,
3133,DHCR7,NR1H3,
3134,DHCR7,RORA,
3135,DHCR7,RORC,
3136,C10orf99,GPR15,
3137,C10orf99,SUSD2,
3138,C1QL1,ADGRB3,
3139,C1QL2,ADGRB3,
3140,C1QL3,ADGRB3,
3141,C1QL4,ADGRB3,
3142,SULT1A1,PPARA,
3143,SULT1A1,PPARD,
3144,SULT1A1,PPARG,
3145,SULT1E1,PPARA,
3146,SULT1E1,PPARD,
3147,SULT1E1,PPARG,
3148,SULT2A1,PPARA,
3149,SULT2A1,PPARD,
3150,SULT2A1,PPARG,
3151,UBASH3B,ESR1,
3152,UBASH3B,NR1I2,
3153,UBASH3B,PPARA,
3154,ENTPD1,ADORA1,
3155,ENTPD1,ADORA2A,
3156,ENTPD1,ADORA2B,
3157,ENTPD1,ADORA3,
3158,PNMT,ADRA1A,
3159,PNMT,ADRA1B,
3160,PNMT,ADRA1D,
3161,PNMT,ADRA2A,
3162,PNMT,ADRA2B,
3163,PNMT,ADRA2C,
3164,PNMT,ADRB1,
3165,PNMT,ADRB2,
3166,PNMT,ADRB3,
3167,HSD17B1,ESR1,
3168,HSD17B1,ESR2,
3169,HSD17B1,GPER1,
3170,HSD17B1,NR1I2,
3171,LRRTM1,NRXN1,
3172,LRRTM1,NRXN2,
3173,LRRTM1,NRXN3,
3174,DPEP1,CYSLTR1,
3175,DPEP1,CYSLTR2,
3176,DPEP2,CYSLTR1,
3177,DPEP2,CYSLTR2,
3178,DPEP3,CYSLTR1,
3179,DPEP3,CYSLTR2,
3180,LTA4H,GPR17,
3181,LTA4H,LTB4R,
3182,LTA4H,LTB4R2,
3183,LTC4S,CYSLTR1,
3184,LTC4S,CYSLTR2,
3185,PTGR1,LTB4R,
3186,PTGR1,LTB4R2,
3187,ALOX12,CYSLTR1,
3188,ALOX12,FPR2,
3189,LPAR1,ADGRE5,
3190,LPAR2,ADGRE5,
3191,LPAR3,ADGRE5,
3192,ASMT,MTNR1A,
3193,ASMT,MTNR1B,
3194,ALDH1A1,CRABP2,
3195,ALDH1A1,RORB,
3196,ALDH1A1,RARA,
3197,ALDH1A1,RARB,
3198,ALDH1A1,RARG,
3199,ALDH1A1,RXRA,
3200,ALDH1A1,RXRB,
3201,ALDH1A1,RXRG,
3202,ALDH1A2,CRABP2,
3203,ALDH1A2,RORB,
3204,ALDH1A2,RARA,
3205,ALDH1A2,RARB,
3206,ALDH1A2,RARG,
3207,ALDH1A2,RXRA,
3208,ALDH1A2,RXRB,
3209,ALDH1A2,RXRG,
3210,ALDH1A3,CRABP2,
3211,ALDH1A3,RORB,
3212,ALDH1A3,RARA,
3213,ALDH1A3,RARB,
3214,ALDH1A3,RARG,
3215,ALDH1A3,RXRA,
3216,ALDH1A3,RXRB,
3217,ALDH1A3,RXRG,
3218,SLITRK1,PTPRD,
3219,SLITRK1,PTPRS,
3220,SLITRK2,PTPRD,
3221,SLITRK2,PTPRS,
3222,SLITRK3,PTPRD,
3223,SLITRK4,OLR1,
3224,SLITRK4,PTPRS,
3225,SLITRK5,PTPRS,
3226,SLITRK6,PTPRS,
3227,TAFA1,GPR1,
3228,TAFA4,FPR1,
3229,TENM1,ADGRL1,
3230,TENM1,ADGRL2,
3231,TENM1,ADGRL3,
3232,TENM2,ADGRL1,
3233,TENM2,ADGRL2,
3234,TENM2,ADGRL3,
3235,TENM3,ADGRL1,
3236,TENM3,ADGRL2,
3237,TENM3,ADGRL3,
3238,TENM4,ADGRL1,
3239,TENM4,ADGRL2,
3240,TENM4,ADGRL3,
3241,AKR1D1,AR,
3242,TAX1BP3,ADGRB2,
3243,TBXAS1,TBXA2R,
3244,TF,TFRC,
3245,CD55,ADGRE5,
3246,SFTPD,ADGRE5,
3247,SDC1,ADGRA2,
3248,SDC2,ADGRA2,
3249,ITGAV,ADGRA2,
3250,TAX1BP3,ADGRB1,
3251,ITGAV,ADGRB1,
3252,RTN4R,ADGRB1,
3253,CD248,IL6R,
3254,CD276,TREML2,
3255,CD320,JAML,
3256,SIGLEC15,CD44,
3257,TGM2,ADGRG1,
3258,TPO,THRB,
3259,TULP1,TYRO3,
3260,CD177,PECAM1,
3261,CD47,SIRPA,
3262,CD47,SIRPG,
3263,SEMA4D,PTPRC,
3264,ITGB3,ADGRA2,
3265,ITGB5,ADGRB1,
3266,ITGAV,ADGRE2,
3267,ITGB3,ADGRE2,
3268,ITGB1,ADGRE2,
3269,ITGAV,ADGRE5,
3270,ITGB3,ADGRE5,
3271,ITGB1,ADGRE5,
